AA,6A,00,00,00,00,00,00,70,77,77,12,02,80,CA,CD,BC,BC,AC,99,08,42,45,34,34,33,23,02,B9,CE,BC,BD
BB,BB,9B,08,53,54,43,43,33,22,01,A8,EB,BC,CC,BA,BB,9A,88,32,45,44,33,24,22,02,98,CA,CC,BC,BB,AC
AA,88,21,63,43,24,33,33,02,80,CA,CC,DB,BA,BB,9B,0A,10,34,45,33,43,32,11,80,A9,CC,DB,BA,AB,AA,89
20,42,43,24,23,13,01,98,B9,CB,AA,8A,E4,AA,6A,00,00,01,00,00,00,70,77,77,12,01,A9,DC,CC,CB,AA,9A
20,54,44,43,33,23,81,B9,CE,CC,BB,CB,99,19,41,44,53,23,33,11,90,DB,BD,BC,AC,AB,89,20,63,43,34,33
22,01,B9,CD,BC,BC,AB,9B,19,41,44,43,24,23,11,90,BA,CD,BC,BB,BA,99,10,34,45,43,32,22,00,A8,DB,BC
CB,BB,9A,08,21,44,34,33,24,01,80,AA,CC,BB,BB,AB,89,20,43,34,33,22,00,99,BB,C8,AA,6A,00,00,02,00
00,00,70,77,77,12,90,CA,CD,BC,BA,99,31,46,44,43,22,01,B9,DC,BC,BC,BA,89,31,45,44,33,22,02,B9,DC
CC,BA,AB,89,20,35,45,23,23,02,B8,CC,CC,BB,BB,89,20,54,43,24,23,11,A8,DB,BC,BC,AB,8A,10,34,45,33
23,12,A8,DB,CC,BB,AB,9A,10,53,44,32,33,02,90,DB,DB,BA,BB,99,18,43,34,34,23,02,90,BB,BD,BC,9A,89
10,32,33,33,01,A8,3D,AA,6A,00,00,03,00,00,00,70,77,77,12,98,CC,CC,BB,AB,19,54,35,35,32,02,B8,CD
CC,BB,AB,09,42,54,34,23,13,90,DB,BD,BC,BB,99,20,45,53,33,22,01,C9,EB,BB,BC,9A,08,42,44,43,23,11
98,CB,BD,BC,AA,89,30,44,34,24,12,81,AA,CD,BB,BB,9B,10,53,44,33,23,02,A8,CC,BC,AC,AA,88,31,34,35
32,12,88,CA,DB,AB,AB,89,10,43,34,23,12,80,B9,BB,AC,89,18,B8,AA,6A,00,00,04,00,00,00,70,77,77,82
B9,CD,BC,AB,19,54,35,34,13,80,EB,CC,BB,AB,08,63,34,25,22,80,CA,CC,CB,9A,09,32,45,43,22,81,B9,CD
CB,AA,89,31,54,43,22,01,B8,CC,BC,AB,8A,30,54,43,23,02,A8,CC,CB,BB,9A,20,63,43,33,12,98,DB,BC,AC
9A,00,43,53,23,22,90,CA,BC,BC,9A,08,42,43,43,21,80,AA,BC,BC,9A,08,31,34,33,13,91,BA,CB,AB,09,11
C8,AA,6A,00,00,05,00,00,00,70,77,77,91,DA,CC,AA,09,53,45,33,03,C8,DC,CB,9B,19,52,44,23,12,B8,CD
BC,AA,09,43,45,32,02,A8,CC,BC,AB,09,42,45,32,12,A8,CC,BC,AA,89,42,44,33,12,98,CC,BC,AB,89,41,44
33,22,98,EB,CB,BA,09,30,35,34,12,90,DA,CB,AB,8A,31,44,24,22,90,CA,DB,AA,89,20,53,33,22,90,CA,DB
AA,8A,11,43,33,13,80,CA,BB,AA,08,21,22,76,AA,6A,00,00,06,00,00,00,70,77,77,A0,DC,BB,8A,62,54,23
01,CA,CD,BB,89,42,45,23,02,CA,DC,BA,89,41,34,34,01,B9,BE,AC,99,31,45,23,02,B9,CD,BB,8A,21,36,24
12,A9,CC,AC,8A,20,63,23,12,A8,CC,AC,9A,20,53,24,12,98,DB,AC,9A,10,43,34,22,98,DB,BC,9A,18,53,33
23,90,CC,CB,9A,08,43,43,22,90,CA,CB,AA,18,32,25,13,90,C9,BA,9A,08,32,23,01,A8,7B,AA,6A,00,00,07
00,00,00,70,77,77,B8,CD,AB,19,55,34,13,A8,CE,AC,8A,30,36,24,82,C9,BD,AB,09,53,35,22,90,EB,CB,9A
10,44,43,11,A9,CC,BB,8A,42,44,23,81,CA,CC,AA,08,43,44,02,90,CB,BC,8A,20,44,33,12,C9,CC,BA,09,41
34,23,91,DA,BC,AA,28,43,25,12,98,BC,AC,8A,20,44,23,82,B9,BD,AB,09,42,34,13,80,CB,BC,8A,28,42,33
11,A9,CB,AA,08,12,12,35,02,00,00,00,00,00,00,00,00,00,00,00,00,00,00,00,00,00,00,00,00,00,00,00
00,00,00,00,00,00,00,00,00,00,00,00,00,00,00,00,00,00,00,00,00,00,00,00,00,00,00,00,00,00,00,00
00,00,00,00,00,00,00,00,00,00,00,00,00,00,00,00,00,00,00,00,00,00,00,00,00,00,00,00,00,00,00,00
00,00,00,00,00,00,00,00,00,00,00,00,00,00,00,00,00,00,00,00,00,00,00,00,00,00,00,00,00,00,00,00
00,00,00,00,00,00,00,00,00,00,00,00,00,00,00,00,00,00,00,00,00,00,00,00,00,00,00,00,00,00,00,00
00,00,00,00,00,00,00,00,00,00,00,00,00,00,00,00,00,00,00,00,00,00,00,00,00,00,00,00,00,00,00,00
00,00,00,00,00,00,00,00,00,00,00,00,00,00,00,00,00,00,00,00,00,00,00,00,00,00,00,00,00,00,00,00
00,00,00,00,00,00,00,00,00,00,00,00,00,00,00,00,00,00,00,00,00,00,00,00,00,00,00,00,00,00,00,00
00,00,00,00,00,00,00,00,00,00,00,00,00,00,00,00,00,00,00,00,00,00,00,00,00,00,00,00,00,00,00,00
00,00,00,00,00,00,00,00,00,00,00,00,00,00,00,00,00,00,00,00,00,00,00,00,00,00,00,00,00,00,00,00
00,00,00,00,00,00,00,00,00,00,00,00,00,00,00,00,00,00,00,00,00,00,00,00,00,00,00,00,00,00,00,00
00,00,00,00,00,00,00,00,00,00,00,00,00,00,00,00,00,00,00,00,00,00,00,00,00,00,00,00,00,00,00,00
00,00,00,00,00,00,00,00,00,00,00,00,00,00,00,00,00,00,00,00,00,00,00,00,00,00,00,00,00,00,00,00
00,00,00,00,00,00,00,00,00,00,00,00,00,00,00,00,00,00,00,00,00,00,00,00,00,00,00,00,00,00,00,00
00,00,00,00,00,00,00,00,00,00,00,00,00,00,00,00,00,00,00,00,00,00,00,00,00,00,00,00,00,00,00,00
00,00,00,00,00,00,00,00,00,00,00,00,00,00,00,00,00,00,00,00,00,00,00,00,00,00,00,00,00,00,00,00
00,00,00,00,00,00,00,00,00,00,00,00,00,00,00,00,00,00,00,00,00,00,00,00,00,00,00,00,00,00,00,00
00,00,00,00,00,00,00,00,00,00,00,00,00,00,00,00,00,00,00,00,00,00,00,00,00,00,00,00,00,00,00,00
00,00,00,00,00,00,00,00,00,00,00,00,00,00,00,00,00,00,00,00,00,00,00,00,00,00,00,00,00,00,00,00
00,00,00,00,00,00,00,00,00,00,00,00,00,00,00,00,00,00,00,00,00,00,00,00,00,00,00,00,00,00,00,00
00,00,00,00,00,00,00,00,00,00,00,00,00,00,00,00,00,00,00,00,00,00,00,00,00,00,00,00,00,00,00,00
00,00,00,00,00,00,00,00,00,00,00,00,00,00,00,00,00,00,00,00,00,00,00,00,00,00,00,00,00,00,00,00
00,00,00,00,00,00,00,00,00,00,00,00,00,00,00,00,00,00,00,00,00,00,00,00,00,00,00,00,00,00,00,00
00,00,00,00,00,00,00,00,00,00,00,00,00,00,00,00,00,00,00,00,00,00,00,00,00,00,00,00,00,00,00,00
00,00,00,00,00,00,00,00,00,00,00,00,00,00,00,00,00,00,00,00,00,00,00,00,00,00,00,00,00,00,00,00
00,00,00,00,00,00,00,00,00,00,00,00,00,00,00,00,00,00,00,00,00,00,00,00,00,00,00,00,00,00,00,00
00,00,00,00,00,00,00,00,00,00,00,00,00,00,00,00,00,00,00,00,00,00,00,00,00,00,00,00,00,00,00,00
00,00,00,00,00,00,00,00,00,00,00,00,00,00,00,00,00,00,00,00,00,00,00,00,00,00,00,00,00,00,00,00
00,00,00,00,00,00,00,00,00,00,00,00,00,00,00,00,00,00,00,00,00,00,00,00,00,00,00,00,00,00,00,00
00,00,00,00,00,00,00,00,00,00,00,00,00,00,00,00,00,00,00,00,00,00,00,00,00,00,00,00,00,00,00,00
00,00,00,00,00,00,00,00,00,00,00,00,00,00,00,00,00,00,00,00,00,00,00,00,00,00,00,00,00,00,00,00
00,00,00,00,00,00,00,00,00,00,00,00,00,00,00,00,00,00,00,00,00,00,00,00,00,00,00,00,00,00,00,00
00,00,00,00,00,00,00,00,00,02,FF,FF,FF,FF,00,00,00,00,00,00,00,00,00,00,00,00,FF,FF,FF,FF,00,00
00,00,00,00,00,00,00,00,00,00,FF,FF,FF,FF,00,00,00,00,00,00,00,00,00,00,00,00,FF,FF,FF,FF,00,00
00,00,00,00,00,00,00,00,00,00,FF,FF,FF,FF,00,00,00,00,00,00,00,00,00,00,00,00,FF,FF,FF,FF,00,00
00,00,00,00,00,00,00,00,00,00,FF,FF,FF,FF,00,00,00,00,00,00,00,00,00,00,00,00,FF,FF,FF,FF,00,00
00,00,00,00,00,00,00,00,00,00,FF,FF,FF,FF,00,00,00,00,00,00,00,00,00,00,00,00,FF,FF,FF,FF,00,00
00,00,00,00,00,00,00,00,00,00,FF,FF,FF,FF,00,00,00,00,00,00,00,00,00,00,00,00,FF,FF,FF,FF,00,00
00,00,00,00,00,00,00,00,00,00,FF,FF,FF,FF,00,00,00,00,00,00,00,00,00,00,00,00,FF,FF,FF,FF,00,00
00,00,00,00,00,00,00,00,00,00,FF,FF,FF,FF,00,00,00,00,00,00,00,00,00,00,00,00,FF,FF,FF,FF,00,00
00,00,00,00,00,00,00,00,00,00,FF,FF,FF,FF,00,00,00,00,00,00,00,00,00,00,00,00,FF,FF,FF,FF,00,00
00,00,00,00,00,00,00,00,00,00,FF,FF,FF,FF,00,00,00,00,00,00,00,00,00,00,00,00,FF,FF,FF,FF,00,00
00,00,00,00,00,00,00,00,00,00,FF,FF,FF,FF,00,00,00,00,00,00,00,00,00,00,00,00,FF,FF,FF,FF,00,00
00,00,00,00,00,00,00,00,00,00,FF,FF,FF,FF,00,00,00,00,00,00,00,00,00,00,00,00,FF,FF,FF,FF,00,00
00,00,00,00,00,00,00,00,00,00,FF,FF,FF,FF,00,00,00,00,00,00,00,00,00,00,00,00,FF,FF,FF,FF,00,00
00,00,00,00,00,00,00,00,00,00,FF,FF,FF,FF,00,00,00,00,00,00,00,00,00,00,00,00,FF,FF,FF,FF,00,00
00,00,00,00,00,00,00,00,00,00,FF,FF,FF,FF,00,00,00,00,00,00,00,00,00,00,00,00,FF,FF,FF,FF,00,00
00,00,00,00,00,00,00,00,00,00,FF,FF,FF,FF,00,00,00,00,00,00,00,00,00,00,00,00,FF,FF,FF,FF,00,00
00,00,00,00,00,00,00,00,00,00,00,00,00,00,00,00,00,00,00,00,00,00,00,00,00,00,00,00,00,00,00,00
00,00,00,00,00,00,00,00,00,00,00,00,00,00,00,00,00,00,00,00,00,00,00,00,00,00,00,00,00,00,00,00
00,00,00,00,00,00,00,00,00,00,00,00,00,00,00,00,00,00,00,00,00,00,00,00,00,00,00,00,00,00,00,00
00,00,00,00,00,00,00,00,00,00,00,00,00,00,00,00,00,00,00,00,00,00,00,00,00,00,00,00,00,00,00,00
00,00,00,00,00,00,00,00,00,00,00,00,00,00,00,00,00,00,00,00,00,00,00,00,00,00,00,00,00,00,00,00
00,00,00,00,00,00,00,00,00,00,00,00,00,00,00,00,00,00,00,00,00,00,00,00,00,00,00,00,00,00,00,00
00,00,00,00,00,00,00,00,00,00,00,00,00,00,00,00,00,00,00,00,00,00,00,00,00,00,00,00,00,00,00,00
00,00,00,00,00,00,00,00,00,00,00,00,00,00,00,00,00,00,00,00,00,00,00,00,00,00,00,00,00,00,00,00
00,00,00,00,00,00,00,00,00,00,00,00,00,00,00,00,00,00,00,00,00,00,00,00,00,00,00,00,00,00,00,00
00,00,00,00,00,00,00,00,00,00,00,00,00,00,00,00,00,00,00,00,00,00,00,00,00,00,00,00,00,00,00,00
00,00,00,00,00,00,00,00,00,00,00,00,00,00,00,00,00,00,00,00,00,00,00,00,00,00,00,00,00,00,00,00
00,00,00,00,00,00,00,00,00,00,00,00,00,00,00,00,00,00,00,00,00,00,00,00,00,00,00,00,00,00,00,00
00,00,00,00,00,00,00,00,00,00,00,00,00,00,00,00,00,00,00,00,00,00,00,00,00,00,00,00,00,00,00,00
00,00,00,00,00,00,00,00,00,00,00,00,00,00,00,00,00,00,00,00,00,00,00,00,00,00,00,00,00,00,00,00
00,00,00,00,00,00,00,00,00,00,00,00,00,00,00,00,00,00,00,00,00,00,00,00,00,00,00,00,00,00,00,00
00,00,00,00,00,00,00,00,00,00,00,00,00,00,00,00,00,00,00,00,00,00,00,00,00,00,00,00,00,00,00,00
00,00,00,00,00,00,00,00,00,00,02,00,00,FF,FF,FF,FF,00,00,00,00,00,00,00,00,00,00,00,00,FF,FF,FF
FF,00,00,00,00,00,00,00,00,00,00,00,00,FF,FF,FF,FF,00,00,00,00,00,00,00,00,00,00,00,00,FF,FF,FF
FF,00,00,00,00,00,00,00,00,00,00,00,00,FF,FF,FF,FF,00,00,00,00,00,00,00,00,00,00,00,00,FF,FF,FF
FF,00,00,00,00,00,00,00,00,00,00,00,00,FF,FF,FF,FF,00,00,00,00,00,00,00,00,00,00,00,00,FF,FF,FF
FF,00,00,00,00,00,00,00,00,00,00,00,00,FF,FF,FF,FF,00,00,00,00,00,00,00,00,00,00,00,00,FF,FF,FF
FF,00,00,00,00,00,00,00,00,00,00,00,00,FF,FF,FF,FF,00,00,00,00,00,00,00,00,00,00,00,00,FF,FF,FF
FF,00,00,00,00,00,00,00,00,00,00,00,00,FF,FF,FF,FF,00,00,00,00,00,00,00,00,00,00,00,00,FF,FF,FF
FF,00,00,00,00,00,00,00,00,00,00,00,00,FF,FF,FF,FF,00,00,00,00,00,00,00,00,00,00,00,00,FF,FF,FF
FF,00,00,00,00,00,00,00,00,00,00,00,00,FF,FF,FF,FF,00,00,00,00,00,00,00,00,00,00,00,00,FF,FF,FF
FF,00,00,00,00,00,00,00,00,00,00,00,00,FF,FF,FF,FF,00,00,00,00,00,00,00,00,00,00,00,00,FF,FF,FF
FF,00,00,00,00,00,00,00,00,00,00,00,00,FF,FF,FF,FF,00,00,00,00,00,00,00,00,00,00,00,00,FF,FF,FF
FF,00,00,00,00,00,00,00,00,00,00,00,00,FF,FF,FF,FF,00,00,00,00,00,00,00,00,00,00,00,00,FF,FF,FF
FF,00,00,00,00,00,00,00,00,00,00,00,00,FF,FF,FF,FF,00,00,00,00,00,00,00,00,00,00,00,00,FF,FF,FF
FF,00,00,00,00,00,00,00,00,00,00,00,00,FF,FF,FF,FF,00,00,00,00,00,00,00,00,00,00,00,00,FF,FF,FF
FF,00,00,00,00,00,00,00,00,00,00,00,00,FF,FF,FF,FF,00,00,00,00,00,00,00,00,00,00,00,00,FF,FF,FF
FF,00,00,00,00,00,00,00,00,00,00,00,00,FF,FF,FF,FF,00,00,00,00,00,00,00,00,00,00,00,00,FF,FF,FF
FF,00,00,00,00,00,00,00,00,00,00,00,00,00,00,00,00,00,00,00,00,00,00,00,00,00,00,00,00,00,00,00
00,00,00,00,00,00,00,00,00,00,00,00,00,00,00,00,00,00,00,00,00,00,00,00,00,00,00,00,00,00,00,00
00,00,00,00,00,00,00,00,00,00,00,00,00,00,00,00,00,00,00,00,00,00,00,00,00,00,00,00,00,00,00,00
00,00,00,00,00,00,00,00,00,00,00,00,00,00,00,00,00,00,00,00,00,00,00,00,00,00,00,00,00,00,00,00
00,00,00,00,00,00,00,00,00,00,00,00,00,00,00,00,00,00,00,00,00,00,00,00,00,00,00,00,00,00,00,00
00,00,00,00,00,00,00,00,00,00,00,00,00,00,00,00,00,00,00,00,00,00,00,00,00,00,00,00,00,00,00,00
00,00,00,00,00,00,00,00,00,00,00,00,00,00,00,00,00,00,00,00,00,00,00,00,00,00,00,00,00,00,00,00
00,00,00,00,00,00,00,00,00,00,00,00,00,00,00,00,00,00,00,00,00,00,00,00,00,00,00,00,00,00,00,00
00,00,00,00,00,00,00,00,00,00,00,00,00,00,00,00,00,00,00,00,00,00,00,00,00,00,00,00,00,00,00,00
00,00,00,00,00,00,00,00,00,00,00,00,00,00,00,00,00,00,00,00,00,00,00,00,00,00,00,00,00,00,00,00
00,00,00,00,00,00,00,00,00,00,00,00,00,00,00,00,00,00,00,00,00,00,00,00,00,00,00,00,00,00,00,00
00,00,00,00,00,00,00,00,00,00,00,00,00,00,00,00,00,00,00,00,00,00,00,00,00,00,00,00,00,00,00,00
00,00,00,00,00,00,00,00,00,00,00,00,00,00,00,00,00,00,00,00,00,00,00,00,00,00,00,00,00,00,00,00
00,00,00,00,00,00,00,00,00,00,00,00,00,00,00,00,00,00,00,00,00,00,00,00,00,00,00,00,00,00,00,00
00,00,00,00,00,00,00,00,00,00,00,00,00,00,00,00,00,00,00,00,00,00,00,00,00,00,00,00,00,00,00,00
00,00,00,00,00,00,00,00,00,00,00,00,00,00,00,00,00,00,00,00,00,00,00,00,00,00,00,00,00,00,00,00
00,00,00,00,00,00,00,00,00,00,00,02,00,00,00,00,FF,FF,FF,FF,00,00,00,00,00,00,00,00,00,00,00,00
FF,FF,FF,FF,00,00,00,00,00,00,00,00,00,00,00,00,FF,FF,FF,FF,00,00,00,00,00,00,00,00,00,00,00,00
FF,FF,FF,FF,00,00,00,00,00,00,00,00,00,00,00,00,FF,FF,FF,FF,00,00,00,00,00,00,00,00,00,00,00,00
FF,FF,FF,FF,00,00,00,00,00,00,00,00,00,00,00,00,FF,FF,FF,FF,00,00,00,00,00,00,00,00,00,00,00,00
FF,FF,FF,FF,00,00,00,00,00,00,00,00,00,00,00,00,FF,FF,FF,FF,00,00,00,00,00,00,00,00,00,00,00,00
FF,FF,FF,FF,00,00,00,00,00,00,00,00,00,00,00,00,FF,FF,FF,FF,00,00,00,00,00,00,00,00,00,00,00,00
FF,FF,FF,FF,00,00,00,00,00,00,00,00,00,00,00,00,FF,FF,FF,FF,00,00,00,00,00,00,00,00,00,00,00,00
FF,FF,FF,FF,00,00,00,00,00,00,00,00,00,00,00,00,FF,FF,FF,FF,00,00,00,00,00,00,00,00,00,00,00,00
FF,FF,FF,FF,00,00,00,00,00,00,00,00,00,00,00,00,FF,FF,FF,FF,00,00,00,00,00,00,00,00,00,00,00,00
FF,FF,FF,FF,00,00,00,00,00,00,00,00,00,00,00,00,FF,FF,FF,FF,00,00,00,00,00,00,00,00,00,00,00,00
FF,FF,FF,FF,00,00,00,00,00,00,00,00,00,00,00,00,FF,FF,FF,FF,00,00,00,00,00,00,00,00,00,00,00,00
FF,FF,FF,FF,00,00,00,00,00,00,00,00,00,00,00,00,FF,FF,FF,FF,00,00,00,00,00,00,00,00,00,00,00,00
FF,FF,FF,FF,00,00,00,00,00,00,00,00,00,00,00,00,FF,FF,FF,FF,00,00,00,00,00,00,00,00,00,00,00,00
FF,FF,FF,FF,00,00,00,00,00,00,00,00,00,00,00,00,FF,FF,FF,FF,00,00,00,00,00,00,00,00,00,00,00,00
FF,FF,FF,FF,00,00,00,00,00,00,00,00,00,00,00,00,FF,FF,FF,FF,00,00,00,00,00,00,00,00,00,00,00,00
FF,FF,FF,FF,00,00,00,00,00,00,00,00,00,00,00,00,FF,FF,FF,FF,00,00,00,00,00,00,00,00,00,00,00,00
FF,FF,FF,FF,00,00,00,00,00,00,00,00,00,00,00,00,00,00,00,00,00,00,00,00,00,00,00,00,00,00,00,00
00,00,00,00,00,00,00,00,00,00,00,00,00,00,00,00,00,00,00,00,00,00,00,00,00,00,00,00,00,00,00,00
00,00,00,00,00,00,00,00,00,00,00,00,00,00,00,00,00,00,00,00,00,00,00,00,00,00,00,00,00,00,00,00
00,00,00,00,00,00,00,00,00,00,00,00,00,00,00,00,00,00,00,00,00,00,00,00,00,00,00,00,00,00,00,00
00,00,00,00,00,00,00,00,00,00,00,00,00,00,00,00,00,00,00,00,00,00,00,00,00,00,00,00,00,00,00,00
00,00,00,00,00,00,00,00,00,00,00,00,00,00,00,00,00,00,00,00,00,00,00,00,00,00,00,00,00,00,00,00
00,00,00,00,00,00,00,00,00,00,00,00,00,00,00,00,00,00,00,00,00,00,00,00,00,00,00,00,00,00,00,00
00,00,00,00,00,00,00,00,00,00,00,00,00,00,00,00,00,00,00,00,00,00,00,00,00,00,00,00,00,00,00,00
00,00,00,00,00,00,00,00,00,00,00,00,00,00,00,00,00,00,00,00,00,00,00,00,00,00,00,00,00,00,00,00
00,00,00,00,00,00,00,00,00,00,00,00,00,00,00,00,00,00,00,00,00,00,00,00,00,00,00,00,00,00,00,00
00,00,00,00,00,00,00,00,00,00,00,00,00,00,00,00,00,00,00,00,00,00,00,00,00,00,00,00,00,00,00,00
00,00,00,00,00,00,00,00,00,00,00,00,00,00,00,00,00,00,00,00,00,00,00,00,00,00,00,00,00,00,00,00
00,00,00,00,00,00,00,00,00,00,00,00,00,00,00,00,00,00,00,00,00,00,00,00,00,00,00,00,00,00,00,00
00,00,00,00,00,00,00,00,00,00,00,00,00,00,00,00,00,00,00,00,00,00,00,00,00,00,00,00,00,00,00,00
00,00,00,00,00,00,00,00,00,00,00,00,00,00,00,00,00,00,00,00,00,00,00,00,00,00,00,00,00,00,00,00
00,00,00,00,00,00,00,00,00,00,00,00,00,00,00,00,00,00,00,00,00,00,00,00,00,00,00,00,00,00,00,00
00,00,00,00,00,00,00,00,00,00,00,00,02,00,00,00,00,00,00,FF,FF,FF,FF,00,00,00,00,00,00,00,00,00
00,00,00,FF,FF,FF,FF,00,00,00,00,00,00,00,00,00,00,00,00,FF,FF,FF,FF,00,00,00,00,00,00,00,00,00
00,00,00,FF,FF,FF,FF,00,00,00,00,00,00,00,00,00,00,00,00,FF,FF,FF,FF,00,00,00,00,00,00,00,00,00
00,00,00,FF,FF,FF,FF,00,00,00,00,00,00,00,00,00,00,00,00,FF,FF,FF,FF,00,00,00,00,00,00,00,00,00
00,00,00,FF,FF,FF,FF,00,00,00,00,00,00,00,00,00,00,00,00,FF,FF,FF,FF,00,00,00,00,00,00,00,00,00
00,00,00,FF,FF,FF,FF,00,00,00,00,00,00,00,00,00,00,00,00,FF,FF,FF,FF,00,00,00,00,00,00,00,00,00
00,00,00,FF,FF,FF,FF,00,00,00,00,00,00,00,00,00,00,00,00,FF,FF,FF,FF,00,00,00,00,00,00,00,00,00
00,00,00,FF,FF,FF,FF,00,00,00,00,00,00,00,00,00,00,00,00,FF,FF,FF,FF,00,00,00,00,00,00,00,00,00
00,00,00,FF,FF,FF,FF,00,00,00,00,00,00,00,00,00,00,00,00,FF,FF,FF,FF,00,00,00,00,00,00,00,00,00
00,00,00,FF,FF,FF,FF,00,00,00,00,00,00,00,00,00,00,00,00,FF,FF,FF,FF,00,00,00,00,00,00,00,00,00
00,00,00,FF,FF,FF,FF,00,00,00,00,00,00,00,00,00,00,00,00,FF,FF,FF,FF,00,00,00,00,00,00,00,00,00
00,00,00,FF,FF,FF,FF,00,00,00,00,00,00,00,00,00,00,00,00,FF,FF,FF,FF,00,00,00,00,00,00,00,00,00
00,00,00,FF,FF,FF,FF,00,00,00,00,00,00,00,00,00,00,00,00,FF,FF,FF,FF,00,00,00,00,00,00,00,00,00
00,00,00,FF,FF,FF,FF,00,00,00,00,00,00,00,00,00,00,00,00,FF,FF,FF,FF,00,00,00,00,00,00,00,00,00
00,00,00,FF,FF,FF,FF,00,00,00,00,00,00,00,00,00,00,00,00,FF,FF,FF,FF,00,00,00,00,00,00,00,00,00
00,00,00,FF,FF,FF,FF,00,00,00,00,00,00,00,00,00,00,00,00,FF,FF,FF,FF,00,00,00,00,00,00,00,00,00
00,00,00,FF,FF,FF,FF,00,00,00,00,00,00,00,00,00,00,00,00,00,00,00,00,00,00,00,00,00,00,00,00,00
00,00,00,00,00,00,00,00,00,00,00,00,00,00,00,00,00,00,00,00,00,00,00,00,00,00,00,00,00,00,00,00
00,00,00,00,00,00,00,00,00,00,00,00,00,00,00,00,00,00,00,00,00,00,00,00,00,00,00,00,00,00,00,00
00,00,00,00,00,00,00,00,00,00,00,00,00,00,00,00,00,00,00,00,00,00,00,00,00,00,00,00,00,00,00,00
00,00,00,00,00,00,00,00,00,00,00,00,00,00,00,00,00,00,00,00,00,00,00,00,00,00,00,00,00,00,00,00
00,00,00,00,00,00,00,00,00,00,00,00,00,00,00,00,00,00,00,00,00,00,00,00,00,00,00,00,00,00,00,00
00,00,00,00,00,00,00,00,00,00,00,00,00,00,00,00,00,00,00,00,00,00,00,00,00,00,00,00,00,00,00,00
00,00,00,00,00,00,00,00,00,00,00,00,00,00,00,00,00,00,00,00,00,00,00,00,00,00,00,00,00,00,00,00
00,00,00,00,00,00,00,00,00,00,00,00,00,00,00,00,00,00,00,00,00,00,00,00,00,00,00,00,00,00,00,00
00,00,00,00,00,00,00,00,00,00,00,00,00,00,00,00,00,00,00,00,00,00,00,00,00,00,00,00,00,00,00,00
00,00,00,00,00,00,00,00,00,00,00,00,00,00,00,00,00,00,00,00,00,00,00,00,00,00,00,00,00,00,00,00
00,00,00,00,00,00,00,00,00,00,00,00,00,00,00,00,00,00,00,00,00,00,00,00,00,00,00,00,00,00,00,00
00,00,00,00,00,00,00,00,00,00,00,00,00,00,00,00,00,00,00,00,00,00,00,00,00,00,00,00,00,00,00,00
00,00,00,00,00,00,00,00,00,00,00,00,00,00,00,00,00,00,00,00,00,00,00,00,00,00,00,00,00,00,00,00
00,00,00,00,00,00,00,00,00,00,00,00,00,00,00,00,00,00,00,00,00,00,00,00,00,00,00,00,00,00,00,00
00,00,00,00,00,00,00,00,00,00,00,00,00,00,00,00,00,00,00,00,00,00,00,00,00,00,00,00,00,00,00,00
00,00,00,00,00,00,00,00,00,00,00,00,00,02,00,00,00,00,00,00,00,00,FF,FF,FF,FF,00,00,00,00,00,00
00,00,00,00,00,00,FF,FF,FF,FF,00,00,00,00,00,00,00,00,00,00,00,00,FF,FF,FF,FF,00,00,00,00,00,00
00,00,00,00,00,00,FF,FF,FF,FF,00,00,00,00,00,00,00,00,00,00,00,00,FF,FF,FF,FF,00,00,00,00,00,00
00,00,00,00,00,00,FF,FF,FF,FF,00,00,00,00,00,00,00,00,00,00,00,00,FF,FF,FF,FF,00,00,00,00,00,00
00,00,00,00,00,00,FF,FF,FF,FF,00,00,00,00,00,00,00,00,00,00,00,00,FF,FF,FF,FF,00,00,00,00,00,00
00,00,00,00,00,00,FF,FF,FF,FF,00,00,00,00,00,00,00,00,00,00,00,00,FF,FF,FF,FF,00,00,00,00,00,00
00,00,00,00,00,00,FF,FF,FF,FF,00,00,00,00,00,00,00,00,00,00,00,00,FF,FF,FF,FF,00,00,00,00,00,00
00,00,00,00,00,00,FF,FF,FF,FF,00,00,00,00,00,00,00,00,00,00,00,00,FF,FF,FF,FF,00,00,00,00,00,00
00,00,00,00,00,00,FF,FF,FF,FF,00,00,00,00,00,00,00,00,00,00,00,00,FF,FF,FF,FF,00,00,00,00,00,00
00,00,00,00,00,00,FF,FF,FF,FF,00,00,00,00,00,00,00,00,00,00,00,00,FF,FF,FF,FF,00,00,00,00,00,00
00,00,00,00,00,00,FF,FF,FF,FF,00,00,00,00,00,00,00,00,00,00,00,00,FF,FF,FF,FF,00,00,00,00,00,00
00,00,00,00,00,00,FF,FF,FF,FF,00,00,00,00,00,00,00,00,00,00,00,00,FF,FF,FF,FF,00,00,00,00,00,00
00,00,00,00,00,00,FF,FF,FF,FF,00,00,00,00,00,00,00,00,00,00,00,00,FF,FF,FF,FF,00,00,00,00,00,00
00,00,00,00,00,00,FF,FF,FF,FF,00,00,00,00,00,00,00,00,00,00,00,00,FF,FF,FF,FF,00,00,00,00,00,00
00,00,00,00,00,00,FF,FF,FF,FF,00,00,00,00,00,00,00,00,00,00,00,00,FF,FF,FF,FF,00,00,00,00,00,00
00,00,00,00,00,00,FF,FF,FF,FF,00,00,00,00,00,00,00,00,00,00,00,00,FF,FF,FF,FF,00,00,00,00,00,00
00,00,00,00,00,00,FF,FF,FF,FF,00,00,00,00,00,00,00,00,00,00,00,00,00,00,00,00,00,00,00,00,00,00
00,00,00,00,00,00,00,00,00,00,00,00,00,00,00,00,00,00,00,00,00,00,00,00,00,00,00,00,00,00,00,00
00,00,00,00,00,00,00,00,00,00,00,00,00,00,00,00,00,00,00,00,00,00,00,00,00,00,00,00,00,00,00,00
00,00,00,00,00,00,00,00,00,00,00,00,00,00,00,00,00,00,00,00,00,00,00,00,00,00,00,00,00,00,00,00
00,00,00,00,00,00,00,00,00,00,00,00,00,00,00,00,00,00,00,00,00,00,00,00,00,00,00,00,00,00,00,00
00,00,00,00,00,00,00,00,00,00,00,00,00,00,00,00,00,00,00,00,00,00,00,00,00,00,00,00,00,00,00,00
00,00,00,00,00,00,00,00,00,00,00,00,00,00,00,00,00,00,00,00,00,00,00,00,00,00,00,00,00,00,00,00
00,00,00,00,00,00,00,00,00,00,00,00,00,00,00,00,00,00,00,00,00,00,00,00,00,00,00,00,00,00,00,00
00,00,00,00,00,00,00,00,00,00,00,00,00,00,00,00,00,00,00,00,00,00,00,00,00,00,00,00,00,00,00,00
00,00,00,00,00,00,00,00,00,00,00,00,00,00,00,00,00,00,00,00,00,00,00,00,00,00,00,00,00,00,00,00
00,00,00,00,00,00,00,00,00,00,00,00,00,00,00,00,00,00,00,00,00,00,00,00,00,00,00,00,00,00,00,00
00,00,00,00,00,00,00,00,00,00,00,00,00,00,00,00,00,00,00,00,00,00,00,00,00,00,00,00,00,00,00,00
00,00,00,00,00,00,00,00,00,00,00,00,00,00,00,00,00,00,00,00,00,00,00,00,00,00,00,00,00,00,00,00
00,00,00,00,00,00,00,00,00,00,00,00,00,00,00,00,00,00,00,00,00,00,00,00,00,00,00,00,00,00,00,00
00,00,00,00,00,00,00,00,00,00,00,00,00,00,00,00,00,00,00,00,00,00,00,00,00,00,00,00,00,00,00,00
00,00,00,00,00,00,00,00,00,00,00,00,00,00,00,00,00,00,00,00,00,00,00,00,00,00,00,00,00,00,00,00
00,00,00,00,00,00,00,00,00,00,00,00,00,00,02,00,00,00,00,00,00,00,00,00,00,FF,FF,FF,FF,00,00,00
00,00,00,00,00,00,00,00,00,FF,FF,FF,FF,00,00,00,00,00,00,00,00,00,00,00,00,FF,FF,FF,FF,00,00,00
00,00,00,00,00,00,00,00,00,FF,FF,FF,FF,00,00,00,00,00,00,00,00,00,00,00,00,FF,FF,FF,FF,00,00,00
00,00,00,00,00,00,00,00,00,FF,FF,FF,FF,00,00,00,00,00,00,00,00,00,00,00,00,FF,FF,FF,FF,00,00,00
00,00,00,00,00,00,00,00,00,FF,FF,FF,FF,00,00,00,00,00,00,00,00,00,00,00,00,FF,FF,FF,FF,00,00,00
00,00,00,00,00,00,00,00,00,FF,FF,FF,FF,00,00,00,00,00,00,00,00,00,00,00,00,FF,FF,FF,FF,00,00,00
00,00,00,00,00,00,00,00,00,FF,FF,FF,FF,00,00,00,00,00,00,00,00,00,00,00,00,FF,FF,FF,FF,00,00,00
00,00,00,00,00,00,00,00,00,FF,FF,FF,FF,00,00,00,00,00,00,00,00,00,00,00,00,FF,FF,FF,FF,00,00,00
00,00,00,00,00,00,00,00,00,FF,FF,FF,FF,00,00,00,00,00,00,00,00,00,00,00,00,FF,FF,FF,FF,00,00,00
00,00,00,00,00,00,00,00,00,FF,FF,FF,FF,00,00,00,00,00,00,00,00,00,00,00,00,FF,FF,FF,FF,00,00,00
00,00,00,00,00,00,00,00,00,FF,FF,FF,FF,00,00,00,00,00,00,00,00,00,00,00,00,FF,FF,FF,FF,00,00,00
00,00,00,00,00,00,00,00,00,FF,FF,FF,FF,00,00,00,00,00,00,00,00,00,00,00,00,FF,FF,FF,FF,00,00,00
00,00,00,00,00,00,00,00,00,FF,FF,FF,FF,00,00,00,00,00,00,00,00,00,00,00,00,FF,FF,FF,FF,00,00,00
00,00,00,00,00,00,00,00,00,FF,FF,FF,FF,00,00,00,00,00,00,00,00,00,00,00,00,FF,FF,FF,FF,00,00,00
00,00,00,00,00,00,00,00,00,FF,FF,FF,FF,00,00,00,00,00,00,00,00,00,00,00,00,FF,FF,FF,FF,00,00,00
00,00,00,00,00,00,00,00,00,FF,FF,FF,FF,00,00,00,00,00,00,00,00,00,00,00,00,FF,FF,FF,FF,00,00,00
00,00,00,00,00,00,00,00,00,FF,FF,FF,FF,00,00,00,00,00,00,00,00,00,00,00,00,00,00,00,00,00,00,00
00,00,00,00,00,00,00,00,00,00,00,00,00,00,00,00,00,00,00,00,00,00,00,00,00,00,00,00,00,00,00,00
00,00,00,00,00,00,00,00,00,00,00,00,00,00,00,00,00,00,00,00,00,00,00,00,00,00,00,00,00,00,00,00
00,00,00,00,00,00,00,00,00,00,00,00,00,00,00,00,00,00,00,00,00,00,00,00,00,00,00,00,00,00,00,00
00,00,00,00,00,00,00,00,00,00,00,00,00,00,00,00,00,00,00,00,00,00,00,00,00,00,00,00,00,00,00,00
00,00,00,00,00,00,00,00,00,00,00,00,00,00,00,00,00,00,00,00,00,00,00,00,00,00,00,00,00,00,00,00
00,00,00,00,00,00,00,00,00,00,00,00,00,00,00,00,00,00,00,00,00,00,00,00,00,00,00,00,00,00,00,00
00,00,00,00,00,00,00,00,00,00,00,00,00,00,00,00,00,00,00,00,00,00,00,00,00,00,00,00,00,00,00,00
00,00,00,00,00,00,00,00,00,00,00,00,00,00,00,00,00,00,00,00,00,00,00,00,00,00,00,00,00,00,00,00
00,00,00,00,00,00,00,00,00,00,00,00,00,00,00,00,00,00,00,00,00,00,00,00,00,00,00,00,00,00,00,00
00,00,00,00,00,00,00,00,00,00,00,00,00,00,00,00,00,00,00,00,00,00,00,00,00,00,00,00,00,00,00,00
00,00,00,00,00,00,00,00,00,00,00,00,00,00,00,00,00,00,00,00,00,00,00,00,00,00,00,00,00,00,00,00
00,00,00,00,00,00,00,00,00,00,00,00,00,00,00,00,00,00,00,00,00,00,00,00,00,00,00,00,00,00,00,00
00,00,00,00,00,00,00,00,00,00,00,00,00,00,00,00,00,00,00,00,00,00,00,00,00,00,00,00,00,00,00,00
00,00,00,00,00,00,00,00,00,00,00,00,00,00,00,00,00,00,00,00,00,00,00,00,00,00,00,00,00,00,00,00
00,00,00,00,00,00,00,00,00,00,00,00,00,00,00,00,00,00,00,00,00,00,00,00,00,00,00,00,00,00,00,00
00,00,00,00,00,00,00,00,00,00,00,00,00,00,00,02,00,00,00,00,00,00,00,00,00,00,00,00,FF,FF,FF,FF
00,00,00,00,00,00,00,00,00,00,00,00,FF,FF,FF,FF,00,00,00,00,00,00,00,00,00,00,00,00,FF,FF,FF,FF
00,00,00,00,00,00,00,00,00,00,00,00,FF,FF,FF,FF,00,00,00,00,00,00,00,00,00,00,00,00,FF,FF,FF,FF
00,00,00,00,00,00,00,00,00,00,00,00,FF,FF,FF,FF,00,00,00,00,00,00,00,00,00,00,00,00,FF,FF,FF,FF
00,00,00,00,00,00,00,00,00,00,00,00,FF,FF,FF,FF,00,00,00,00,00,00,00,00,00,00,00,00,FF,FF,FF,FF
00,00,00,00,00,00,00,00,00,00,00,00,FF,FF,FF,FF,00,00,00,00,00,00,00,00,00,00,00,00,FF,FF,FF,FF
00,00,00,00,00,00,00,00,00,00,00,00,FF,FF,FF,FF,00,00,00,00,00,00,00,00,00,00,00,00,FF,FF,FF,FF
00,00,00,00,00,00,00,00,00,00,00,00,FF,FF,FF,FF,00,00,00,00,00,00,00,00,00,00,00,00,FF,FF,FF,FF
00,00,00,00,00,00,00,00,00,00,00,00,FF,FF,FF,FF,00,00,00,00,00,00,00,00,00,00,00,00,FF,FF,FF,FF
00,00,00,00,00,00,00,00,00,00,00,00,FF,FF,FF,FF,00,00,00,00,00,00,00,00,00,00,00,00,FF,FF,FF,FF
00,00,00,00,00,00,00,00,00,00,00,00,FF,FF,FF,FF,00,00,00,00,00,00,00,00,00,00,00,00,FF,FF,FF,FF
00,00,00,00,00,00,00,00,00,00,00,00,FF,FF,FF,FF,00,00,00,00,00,00,00,00,00,00,00,00,FF,FF,FF,FF
00,00,00,00,00,00,00,00,00,00,00,00,FF,FF,FF,FF,00,00,00,00,00,00,00,00,00,00,00,00,FF,FF,FF,FF
00,00,00,00,00,00,00,00,00,00,00,00,FF,FF,FF,FF,00,00,00,00,00,00,00,00,00,00,00,00,FF,FF,FF,FF
00,00,00,00,00,00,00,00,00,00,00,00,FF,FF,FF,FF,00,00,00,00,00,00,00,00,00,00,00,00,FF,FF,FF,FF
00,00,00,00,00,00,00,00,00,00,00,00,FF,FF,FF,FF,00,00,00,00,00,00,00,00,00,00,00,00,FF,FF,FF,FF
00,00,00,00,00,00,00,00,00,00,00,00,FF,FF,FF,FF,00,00,00,00,00,00,00,00,00,00,00,00,00,00,00,00
00,00,00,00,00,00,00,00,00,00,00,00,00,00,00,00,00,00,00,00,00,00,00,00,00,00,00,00,00,00,00,00
00,00,00,00,00,00,00,00,00,00,00,00,00,00,00,00,00,00,00,00,00,00,00,00,00,00,00,00,00,00,00,00
00,00,00,00,00,00,00,00,00,00,00,00,00,00,00,00,00,00,00,00,00,00,00,00,00,00,00,00,00,00,00,00
00,00,00,00,00,00,00,00,00,00,00,00,00,00,00,00,00,00,00,00,00,00,00,00,00,00,00,00,00,00,00,00
00,00,00,00,00,00,00,00,00,00,00,00,00,00,00,00,00,00,00,00,00,00,00,00,00,00,00,00,00,00,00,00
00,00,00,00,00,00,00,00,00,00,00,00,00,00,00,00,00,00,00,00,00,00,00,00,00,00,00,00,00,00,00,00
00,00,00,00,00,00,00,00,00,00,00,00,00,00,00,00,00,00,00,00,00,00,00,00,00,00,00,00,00,00,00,00
00,00,00,00,00,00,00,00,00,00,00,00,00,00,00,00,00,00,00,00,00,00,00,00,00,00,00,00,00,00,00,00
00,00,00,00,00,00,00,00,00,00,00,00,00,00,00,00,00,00,00,00,00,00,00,00,00,00,00,00,00,00,00,00
00,00,00,00,00,00,00,00,00,00,00,00,00,00,00,00,00,00,00,00,00,00,00,00,00,00,00,00,00,00,00,00
00,00,00,00,00,00,00,00,00,00,00,00,00,00,00,00,00,00,00,00,00,00,00,00,00,00,00,00,00,00,00,00
00,00,00,00,00,00,00,00,00,00,00,00,00,00,00,00,00,00,00,00,00,00,00,00,00,00,00,00,00,00,00,00
00,00,00,00,00,00,00,00,00,00,00,00,00,00,00,00,00,00,00,00,00,00,00,00,00,00,00,00,00,00,00,00
00,00,00,00,00,00,00,00,00,00,00,00,00,00,00,00,00,00,00,00,00,00,00,00,00,00,00,00,00,00,00,00
00,00,00,00,00,00,00,00,00,00,00,00,00,00,00,00,00,00,00,00,00,00,00,00,00,00,00,00,00,00,00,00
00,00,00,00,00,00,00,00,00,00,00,00,00,00,00,00,02,00,00,00,00,00,00,00,00,00,00,00,00,00,00,00
00,00,00,00,00,00,00,00,00,00,00,00,00,00,00,00,00,00,00,00,00,00,00,00,00,00,00,00,00,00,00,00
00,00,00,00,00,00,00,00,00,00,00,00,00,00,00,00,00,00,00,00,00,00,00,00,00,00,00,00,00,00,00,00
00,00,00,00,00,00,00,00,00,00,00,00,00,00,00,00,00,00,00,00,00,00,00,00,00,00,00,00,00,00,00,00
00,00,00,00,00,00,00,00,00,00,00,00,00,00,00,00,00,00,00,00,00,00,00,00,00,00,00,00,00,00,00,00
00,00,00,00,00,00,00,00,00,00,00,00,00,00,00,00,00,00,00,00,00,00,00,00,00,00,00,00,00,00,00,00
00,00,00,00,00,00,00,00,00,00,00,00,00,00,00,00,00,00,00,00,00,00,00,00,00,00,00,00,00,00,00,00
00,00,00,00,00,00,00,00,00,00,00,00,00,00,00,00,00,00,00,00,00,00,00,00,00,00,00,00,00,00,00,00
00,00,00,00,00,00,00,00,00,00,00,00,00,00,00,00,00,00,00,00,00,00,00,00,00,00,00,00,00,FF,FF,FF
FF,00,00,00,00,00,00,00,00,00,00,00,00,FF,FF,FF,FF,00,00,00,00,00,00,00,00,00,00,00,00,FF,FF,FF
FF,00,00,00,00,00,00,00,00,00,00,00,00,FF,FF,FF,FF,00,00,00,00,00,00,00,00,00,00,00,00,FF,FF,FF
FF,00,00,00,00,00,00,00,00,00,00,00,00,FF,FF,FF,FF,00,00,00,00,00,00,00,00,00,00,00,00,FF,FF,FF
FF,00,00,00,00,00,00,00,00,00,00,00,00,FF,FF,FF,FF,00,00,00,00,00,00,00,00,00,00,00,00,FF,FF,FF
FF,00,00,00,00,00,00,00,00,00,00,00,00,FF,FF,FF,FF,00,00,00,00,00,00,00,00,00,00,00,00,FF,FF,FF
FF,00,00,00,00,00,00,00,00,00,00,00,00,FF,FF,FF,FF,00,00,00,00,00,00,00,00,00,00,00,00,FF,FF,FF
FF,00,00,00,00,00,00,00,00,00,00,00,00,FF,FF,FF,FF,00,00,00,00,00,00,00,00,00,00,00,00,FF,FF,FF
FF,00,00,00,00,00,00,00,00,00,00,00,00,FF,FF,FF,FF,00,00,00,00,00,00,00,00,00,00,00,00,FF,FF,FF
FF,00,00,00,00,00,00,00,00,00,00,00,00,FF,FF,FF,FF,00,00,00,00,00,00,00,00,00,00,00,00,FF,FF,FF
FF,00,00,00,00,00,00,00,00,00,00,00,00,FF,FF,FF,FF,00,00,00,00,00,00,00,00,00,00,00,00,FF,FF,FF
FF,00,00,00,00,00,00,00,00,00,00,00,00,FF,FF,FF,FF,00,00,00,00,00,00,00,00,00,00,00,00,FF,FF,FF
FF,00,00,00,00,00,00,00,00,00,00,00,00,FF,FF,FF,FF,00,00,00,00,00,00,00,00,00,00,00,00,FF,FF,FF
FF,00,00,00,00,00,00,00,00,00,00,00,00,FF,FF,FF,FF,00,00,00,00,00,00,00,00,00,00,00,00,FF,FF,FF
FF,00,00,00,00,00,00,00,00,00,00,00,00,FF,FF,FF,FF,00,00,00,00,00,00,00,00,00,00,00,00,FF,FF,FF
FF,00,00,00,00,00,00,00,00,00,00,00,00,FF,FF,FF,FF,00,00,00,00,00,00,00,00,00,00,00,00,FF,FF,FF
FF,00,00,00,00,00,00,00,00,00,00,00,00,FF,FF,FF,FF,00,00,00,00,00,00,00,00,00,00,00,00,00,00,00
00,00,00,00,00,00,00,00,00,00,00,00,00,00,00,00,00,00,00,00,00,00,00,00,00,00,00,00,00,00,00,00
00,00,00,00,00,00,00,00,00,00,00,00,00,00,00,00,00,00,00,00,00,00,00,00,00,00,00,00,00,00,00,00
00,00,00,00,00,00,00,00,00,00,00,00,00,00,00,00,00,00,00,00,00,00,00,00,00,00,00,00,00,00,00,00
00,00,00,00,00,00,00,00,00,00,00,00,00,00,00,00,00,00,00,00,00,00,00,00,00,00,00,00,00,00,00,00
00,00,00,00,00,00,00,00,00,00,00,00,00,00,00,00,00,00,00,00,00,00,00,00,00,00,00,00,00,00,00,00
00,00,00,00,00,00,00,00,00,00,00,00,00,00,00,00,00,00,00,00,00,00,00,00,00,00,00,00,00,00,00,00
00,00,00,00,00,00,00,00,00,00,00,00,00,00,00,00,00,00,00,00,00,00,00,00,00,00,00,00,00,00,00,00
00,00,00,00,00,00,00,00,00,00,00,00,00,00,00,00,00,02,00,00,00,00,00,00,00,00,00,00,00,00,00,00
00,00,00,00,00,00,00,00,00,00,00,00,00,00,00,00,00,00,00,00,00,00,00,00,00,00,00,00,00,00,00,00
00,00,00,00,00,00,00,00,00,00,00,00,00,00,00,00,00,00,00,00,00,00,00,00,00,00,00,00,00,00,00,00
00,00,00,00,00,00,00,00,00,00,00,00,00,00,00,00,00,00,00,00,00,00,00,00,00,00,00,00,00,00,00,00
00,00,00,00,00,00,00,00,00,00,00,00,00,00,00,00,00,00,00,00,00,00,00,00,00,00,00,00,00,00,00,00
00,00,00,00,00,00,00,00,00,00,00,00,00,00,00,00,00,00,00,00,00,00,00,00,00,00,00,00,00,00,00,00
00,00,00,00,00,00,00,00,00,00,00,00,00,00,00,00,00,00,00,00,00,00,00,00,00,00,00,00,00,00,00,00
00,00,00,00,00,00,00,00,00,00,00,00,00,00,00,00,00,00,00,00,00,00,00,00,00,00,00,00,00,00,00,00
00,00,00,00,00,00,00,00,00,00,00,00,00,00,00,00,00,00,00,00,00,00,00,00,00,00,00,00,FF,FF,FF,FF
00,00,00,00,00,00,00,00,00,00,00,00,FF,FF,FF,FF,00,00,00,00,00,00,00,00,00,00,00,00,FF,FF,FF,FF
00,00,00,00,00,00,00,00,00,00,00,00,FF,FF,FF,FF,00,00,00,00,00,00,00,00,00,00,00,00,FF,FF,FF,FF
00,00,00,00,00,00,00,00,00,00,00,00,FF,FF,FF,FF,00,00,00,00,00,00,00,00,00,00,00,00,FF,FF,FF,FF
00,00,00,00,00,00,00,00,00,00,00,00,FF,FF,FF,FF,00,00,00,00,00,00,00,00,00,00,00,00,FF,FF,FF,FF
00,00,00,00,00,00,00,00,00,00,00,00,FF,FF,FF,FF,00,00,00,00,00,00,00,00,00,00,00,00,FF,FF,FF,FF
00,00,00,00,00,00,00,00,00,00,00,00,FF,FF,FF,FF,00,00,00,00,00,00,00,00,00,00,00,00,FF,FF,FF,FF
00,00,00,00,00,00,00,00,00,00,00,00,FF,FF,FF,FF,00,00,00,00,00,00,00,00,00,00,00,00,FF,FF,FF,FF
00,00,00,00,00,00,00,00,00,00,00,00,FF,FF,FF,FF,00,00,00,00,00,00,00,00,00,00,00,00,FF,FF,FF,FF
00,00,00,00,00,00,00,00,00,00,00,00,FF,FF,FF,FF,00,00,00,00,00,00,00,00,00,00,00,00,FF,FF,FF,FF
00,00,00,00,00,00,00,00,00,00,00,00,FF,FF,FF,FF,00,00,00,00,00,00,00,00,00,00,00,00,FF,FF,FF,FF
00,00,00,00,00,00,00,00,00,00,00,00,FF,FF,FF,FF,00,00,00,00,00,00,00,00,00,00,00,00,FF,FF,FF,FF
00,00,00,00,00,00,00,00,00,00,00,00,FF,FF,FF,FF,00,00,00,00,00,00,00,00,00,00,00,00,FF,FF,FF,FF
00,00,00,00,00,00,00,00,00,00,00,00,FF,FF,FF,FF,00,00,00,00,00,00,00,00,00,00,00,00,FF,FF,FF,FF
00,00,00,00,00,00,00,00,00,00,00,00,FF,FF,FF,FF,00,00,00,00,00,00,00,00,00,00,00,00,FF,FF,FF,FF
00,00,00,00,00,00,00,00,00,00,00,00,FF,FF,FF,FF,00,00,00,00,00,00,00,00,00,00,00,00,FF,FF,FF,FF
00,00,00,00,00,00,00,00,00,00,00,00,FF,FF,FF,FF,00,00,00,00,00,00,00,00,00,00,00,00,00,00,00,00
00,00,00,00,00,00,00,00,00,00,00,00,00,00,00,00,00,00,00,00,00,00,00,00,00,00,00,00,00,00,00,00
00,00,00,00,00,00,00,00,00,00,00,00,00,00,00,00,00,00,00,00,00,00,00,00,00,00,00,00,00,00,00,00
00,00,00,00,00,00,00,00,00,00,00,00,00,00,00,00,00,00,00,00,00,00,00,00,00,00,00,00,00,00,00,00
00,00,00,00,00,00,00,00,00,00,00,00,00,00,00,00,00,00,00,00,00,00,00,00,00,00,00,00,00,00,00,00
00,00,00,00,00,00,00,00,00,00,00,00,00,00,00,00,00,00,00,00,00,00,00,00,00,00,00,00,00,00,00,00
00,00,00,00,00,00,00,00,00,00,00,00,00,00,00,00,00,00,00,00,00,00,00,00,00,00,00,00,00,00,00,00
00,00,00,00,00,00,00,00,00,00,00,00,00,00,00,00,00,00,00,00,00,00,00,00,00,00,00,00,00,00,00,00
00,00,00,00,00,00,00,00,00,00,00,00,00,00,00,00,00,00,02,00,00,00,00,00,00,00,00,00,00,00,00,00
00,00,00,00,00,00,00,00,00,00,00,00,00,00,00,00,00,00,00,00,00,00,00,00,00,00,00,00,00,00,00,00
00,00,00,00,00,00,00,00,00,00,00,00,00,00,00,00,00,00,00,00,00,00,00,00,00,00,00,00,00,00,00,00
00,00,00,00,00,00,00,00,00,00,00,00,00,00,00,00,00,00,00,00,00,00,00,00,00,00,00,00,00,00,00,00
00,00,00,00,00,00,00,00,00,00,00,00,00,00,00,00,00,00,00,00,00,00,00,00,00,00,00,00,00,00,00,00
00,00,00,00,00,00,00,00,00,00,00,00,00,00,00,00,00,00,00,00,00,00,00,00,00,00,00,00,00,00,00,00
00,00,00,00,00,00,00,00,00,00,00,00,00,00,00,00,00,00,00,00,00,00,00,00,00,00,00,00,00,00,00,00
00,00,00,00,00,00,00,00,00,00,00,00,00,00,00,00,00,00,00,00,00,00,00,00,00,00,00,00,00,00,00,00
00,00,00,00,00,00,00,00,00,00,00,00,00,00,00,00,00,00,00,00,00,00,00,00,00,00,00,FF,FF,FF,FF,00
00,00,00,00,00,00,00,00,00,00,00,FF,FF,FF,FF,00,00,00,00,00,00,00,00,00,00,00,00,FF,FF,FF,FF,00
00,00,00,00,00,00,00,00,00,00,00,FF,FF,FF,FF,00,00,00,00,00,00,00,00,00,00,00,00,FF,FF,FF,FF,00
00,00,00,00,00,00,00,00,00,00,00,FF,FF,FF,FF,00,00,00,00,00,00,00,00,00,00,00,00,FF,FF,FF,FF,00
00,00,00,00,00,00,00,00,00,00,00,FF,FF,FF,FF,00,00,00,00,00,00,00,00,00,00,00,00,FF,FF,FF,FF,00
00,00,00,00,00,00,00,00,00,00,00,FF,FF,FF,FF,00,00,00,00,00,00,00,00,00,00,00,00,FF,FF,FF,FF,00
00,00,00,00,00,00,00,00,00,00,00,FF,FF,FF,FF,00,00,00,00,00,00,00,00,00,00,00,00,FF,FF,FF,FF,00
00,00,00,00,00,00,00,00,00,00,00,FF,FF,FF,FF,00,00,00,00,00,00,00,00,00,00,00,00,FF,FF,FF,FF,00
00,00,00,00,00,00,00,00,00,00,00,FF,FF,FF,FF,00,00,00,00,00,00,00,00,00,00,00,00,FF,FF,FF,FF,00
00,00,00,00,00,00,00,00,00,00,00,FF,FF,FF,FF,00,00,00,00,00,00,00,00,00,00,00,00,FF,FF,FF,FF,00
00,00,00,00,00,00,00,00,00,00,00,FF,FF,FF,FF,00,00,00,00,00,00,00,00,00,00,00,00,FF,FF,FF,FF,00
00,00,00,00,00,00,00,00,00,00,00,FF,FF,FF,FF,00,00,00,00,00,00,00,00,00,00,00,00,FF,FF,FF,FF,00
00,00,00,00,00,00,00,00,00,00,00,FF,FF,FF,FF,00,00,00,00,00,00,00,00,00,00,00,00,FF,FF,FF,FF,00
00,00,00,00,00,00,00,00,00,00,00,FF,FF,FF,FF,00,00,00,00,00,00,00,00,00,00,00,00,FF,FF,FF,FF,00
00,00,00,00,00,00,00,00,00,00,00,FF,FF,FF,FF,00,00,00,00,00,00,00,00,00,00,00,00,FF,FF,FF,FF,00
00,00,00,00,00,00,00,00,00,00,00,FF,FF,FF,FF,00,00,00,00,00,00,00,00,00,00,00,00,FF,FF,FF,FF,00
00,00,00,00,00,00,00,00,00,00,00,FF,FF,FF,FF,00,00,00,00,00,00,00,00,00,00,00,00,00,00,00,00,00
00,00,00,00,00,00,00,00,00,00,00,00,00,00,00,00,00,00,00,00,00,00,00,00,00,00,00,00,00,00,00,00
00,00,00,00,00,00,00,00,00,00,00,00,00,00,00,00,00,00,00,00,00,00,00,00,00,00,00,00,00,00,00,00
00,00,00,00,00,00,00,00,00,00,00,00,00,00,00,00,00,00,00,00,00,00,00,00,00,00,00,00,00,00,00,00
00,00,00,00,00,00,00,00,00,00,00,00,00,00,00,00,00,00,00,00,00,00,00,00,00,00,00,00,00,00,00,00
00,00,00,00,00,00,00,00,00,00,00,00,00,00,00,00,00,00,00,00,00,00,00,00,00,00,00,00,00,00,00,00
00,00,00,00,00,00,00,00,00,00,00,00,00,00,00,00,00,00,00,00,00,00,00,00,00,00,00,00,00,00,00,00
00,00,00,00,00,00,00,00,00,00,00,00,00,00,00,00,00,00,00,00,00,00,00,00,00,00,00,00,00,00,00,00
00,00,00,00,00,00,00,00,00,00,00,00,00,00,00,00,00,00,00,02,00,00,00,00,00,00,00,00,00,00,00,00
00,00,00,00,00,00,00,00,00,00,00,00,00,00,00,00,00,00,00,00,00,00,00,00,00,00,00,00,00,00,00,00
00,00,00,00,00,00,00,00,00,00,00,00,00,00,00,00,00,00,00,00,00,00,00,00,00,00,00,00,00,00,00,00
00,00,00,00,00,00,00,00,00,00,00,00,00,00,00,00,00,00,00,00,00,00,00,00,00,00,00,00,00,00,00,00
00,00,00,00,00,00,00,00,00,00,00,00,00,00,00,00,00,00,00,00,00,00,00,00,00,00,00,00,00,00,00,00
00,00,00,00,00,00,00,00,00,00,00,00,00,00,00,00,00,00,00,00,00,00,00,00,00,00,00,00,00,00,00,00
00,00,00,00,00,00,00,00,00,00,00,00,00,00,00,00,00,00,00,00,00,00,00,00,00,00,00,00,00,00,00,00
00,00,00,00,00,00,00,00,00,00,00,00,00,00,00,00,00,00,00,00,00,00,00,00,00,00,00,00,00,00,00,00
00,00,00,00,00,00,00,00,00,00,00,00,00,00,00,00,00,00,00,00,00,00,00,00,00,00,FF,FF,FF,FF,00,00
00,00,00,00,00,00,00,00,00,00,FF,FF,FF,FF,00,00,00,00,00,00,00,00,00,00,00,00,FF,FF,FF,FF,00,00
00,00,00,00,00,00,00,00,00,00,FF,FF,FF,FF,00,00,00,00,00,00,00,00,00,00,00,00,FF,FF,FF,FF,00,00
00,00,00,00,00,00,00,00,00,00,FF,FF,FF,FF,00,00,00,00,00,00,00,00,00,00,00,00,FF,FF,FF,FF,00,00
00,00,00,00,00,00,00,00,00,00,FF,FF,FF,FF,00,00,00,00,00,00,00,00,00,00,00,00,FF,FF,FF,FF,00,00
00,00,00,00,00,00,00,00,00,00,FF,FF,FF,FF,00,00,00,00,00,00,00,00,00,00,00,00,FF,FF,FF,FF,00,00
00,00,00,00,00,00,00,00,00,00,FF,FF,FF,FF,00,00,00,00,00,00,00,00,00,00,00,00,FF,FF,FF,FF,00,00
00,00,00,00,00,00,00,00,00,00,FF,FF,FF,FF,00,00,00,00,00,00,00,00,00,00,00,00,FF,FF,FF,FF,00,00
00,00,00,00,00,00,00,00,00,00,FF,FF,FF,FF,00,00,00,00,00,00,00,00,00,00,00,00,FF,FF,FF,FF,00,00
00,00,00,00,00,00,00,00,00,00,FF,FF,FF,FF,00,00,00,00,00,00,00,00,00,00,00,00,FF,FF,FF,FF,00,00
00,00,00,00,00,00,00,00,00,00,FF,FF,FF,FF,00,00,00,00,00,00,00,00,00,00,00,00,FF,FF,FF,FF,00,00
00,00,00,00,00,00,00,00,00,00,FF,FF,FF,FF,00,00,00,00,00,00,00,00,00,00,00,00,FF,FF,FF,FF,00,00
00,00,00,00,00,00,00,00,00,00,FF,FF,FF,FF,00,00,00,00,00,00,00,00,00,00,00,00,FF,FF,FF,FF,00,00
00,00,00,00,00,00,00,00,00,00,FF,FF,FF,FF,00,00,00,00,00,00,00,00,00,00,00,00,FF,FF,FF,FF,00,00
00,00,00,00,00,00,00,00,00,00,FF,FF,FF,FF,00,00,00,00,00,00,00,00,00,00,00,00,FF,FF,FF,FF,00,00
00,00,00,00,00,00,00,00,00,00,FF,FF,FF,FF,00,00,00,00,00,00,00,00,00,00,00,00,FF,FF,FF,FF,00,00
00,00,00,00,00,00,00,00,00,00,FF,FF,FF,FF,00,00,00,00,00,00,00,00,00,00,00,00,00,00,00,00,00,00
00,00,00,00,00,00,00,00,00,00,00,00,00,00,00,00,00,00,00,00,00,00,00,00,00,00,00,00,00,00,00,00
00,00,00,00,00,00,00,00,00,00,00,00,00,00,00,00,00,00,00,00,00,00,00,00,00,00,00,00,00,00,00,00
00,00,00,00,00,00,00,00,00,00,00,00,00,00,00,00,00,00,00,00,00,00,00,00,00,00,00,00,00,00,00,00
00,00,00,00,00,00,00,00,00,00,00,00,00,00,00,00,00,00,00,00,00,00,00,00,00,00,00,00,00,00,00,00
00,00,00,00,00,00,00,00,00,00,00,00,00,00,00,00,00,00,00,00,00,00,00,00,00,00,00,00,00,00,00,00
00,00,00,00,00,00,00,00,00,00,00,00,00,00,00,00,00,00,00,00,00,00,00,00,00,00,00,00,00,00,00,00
00,00,00,00,00,00,00,00,00,00,00,00,00,00,00,00,00,00,00,00,00,00,00,00,00,00,00,00,00,00,00,00
00,00,00,00,00,00,00,00,00,00,00,00,00,00,00,00,00,00,00,00,02,00,00,00,00,00,00,00,00,00,00,00
00,00,00,00,00,00,00,00,00,00,00,00,00,00,00,00,00,00,00,00,00,00,00,00,00,00,00,00,00,00,00,00
00,00,00,00,00,00,00,00,00,00,00,00,00,00,00,00,00,00,00,00,00,00,00,00,00,00,00,00,00,00,00,00
00,00,00,00,00,00,00,00,00,00,00,00,00,00,00,00,00,00,00,00,00,00,00,00,00,00,00,00,00,00,00,00
00,00,00,00,00,00,00,00,00,00,00,00,00,00,00,00,00,00,00,00,00,00,00,00,00,00,00,00,00,00,00,00
00,00,00,00,00,00,00,00,00,00,00,00,00,00,00,00,00,00,00,00,00,00,00,00,00,00,00,00,00,00,00,00
00,00,00,00,00,00,00,00,00,00,00,00,00,00,00,00,00,00,00,00,00,00,00,00,00,00,00,00,00,00,00,00
00,00,00,00,00,00,00,00,00,00,00,00,00,00,00,00,00,00,00,00,00,00,00,00,00,00,00,00,00,00,00,00
00,00,00,00,00,00,00,00,00,00,00,00,00,00,00,00,00,00,00,00,00,00,00,00,00,FF,FF,FF,FF,00,00,00
00,00,00,00,00,00,00,00,00,FF,FF,FF,FF,00,00,00,00,00,00,00,00,00,00,00,00,FF,FF,FF,FF,00,00,00
00,00,00,00,00,00,00,00,00,FF,FF,FF,FF,00,00,00,00,00,00,00,00,00,00,00,00,FF,FF,FF,FF,00,00,00
00,00,00,00,00,00,00,00,00,FF,FF,FF,FF,00,00,00,00,00,00,00,00,00,00,00,00,FF,FF,FF,FF,00,00,00
00,00,00,00,00,00,00,00,00,FF,FF,FF,FF,00,00,00,00,00,00,00,00,00,00,00,00,FF,FF,FF,FF,00,00,00
00,00,00,00,00,00,00,00,00,FF,FF,FF,FF,00,00,00,00,00,00,00,00,00,00,00,00,FF,FF,FF,FF,00,00,00
00,00,00,00,00,00,00,00,00,FF,FF,FF,FF,00,00,00,00,00,00,00,00,00,00,00,00,FF,FF,FF,FF,00,00,00
00,00,00,00,00,00,00,00,00,FF,FF,FF,FF,00,00,00,00,00,00,00,00,00,00,00,00,FF,FF,FF,FF,00,00,00
00,00,00,00,00,00,00,00,00,FF,FF,FF,FF,00,00,00,00,00,00,00,00,00,00,00,00,FF,FF,FF,FF,00,00,00
00,00,00,00,00,00,00,00,00,FF,FF,FF,FF,00,00,00,00,00,00,00,00,00,00,00,00,FF,FF,FF,FF,00,00,00
00,00,00,00,00,00,00,00,00,FF,FF,FF,FF,00,00,00,00,00,00,00,00,00,00,00,00,FF,FF,FF,FF,00,00,00
00,00,00,00,00,00,00,00,00,FF,FF,FF,FF,00,00,00,00,00,00,00,00,00,00,00,00,FF,FF,FF,FF,00,00,00
00,00,00,00,00,00,00,00,00,FF,FF,FF,FF,00,00,00,00,00,00,00,00,00,00,00,00,FF,FF,FF,FF,00,00,00
00,00,00,00,00,00,00,00,00,FF,FF,FF,FF,00,00,00,00,00,00,00,00,00,00,00,00,FF,FF,FF,FF,00,00,00
00,00,00,00,00,00,00,00,00,FF,FF,FF,FF,00,00,00,00,00,00,00,00,00,00,00,00,FF,FF,FF,FF,00,00,00
00,00,00,00,00,00,00,00,00,FF,FF,FF,FF,00,00,00,00,00,00,00,00,00,00,00,00,FF,FF,FF,FF,00,00,00
00,00,00,00,00,00,00,00,00,FF,FF,FF,FF,00,00,00,00,00,00,00,00,00,00,00,00,00,00,00,00,00,00,00
00,00,00,00,00,00,00,00,00,00,00,00,00,00,00,00,00,00,00,00,00,00,00,00,00,00,00,00,00,00,00,00
00,00,00,00,00,00,00,00,00,00,00,00,00,00,00,00,00,00,00,00,00,00,00,00,00,00,00,00,00,00,00,00
00,00,00,00,00,00,00,00,00,00,00,00,00,00,00,00,00,00,00,00,00,00,00,00,00,00,00,00,00,00,00,00
00,00,00,00,00,00,00,00,00,00,00,00,00,00,00,00,00,00,00,00,00,00,00,00,00,00,00,00,00,00,00,00
00,00,00,00,00,00,00,00,00,00,00,00,00,00,00,00,00,00,00,00,00,00,00,00,00,00,00,00,00,00,00,00
00,00,00,00,00,00,00,00,00,00,00,00,00,00,00,00,00,00,00,00,00,00,00,00,00,00,00,00,00,00,00,00
00,00,00,00,00,00,00,00,00,00,00,00,00,00,00,00,00,00,00,00,00,00,00,00,00,00,00,00,00,00,00,00
00,00,00,00,00,00,00,00,00,00,00,00,00,00,00,00,00,00,00,00,00,02,00,00,00,00,00,00,00,00,00,00
00,00,00,00,00,00,00,00,00,00,00,00,00,00,00,00,00,00,00,00,00,00,00,00,00,00,00,00,00,00,00,00
00,00,00,00,00,00,00,00,00,00,00,00,00,00,00,00,00,00,00,00,00,00,00,00,00,00,00,00,00,00,00,00
00,00,00,00,00,00,00,00,00,00,00,00,00,00,00,00,00,00,00,00,00,00,00,00,00,00,00,00,00,00,00,00
00,00,00,00,00,00,00,00,00,00,00,00,00,00,00,00,00,00,00,00,00,00,00,00,00,00,00,00,00,00,00,00
00,00,00,00,00,00,00,00,00,00,00,00,00,00,00,00,00,00,00,00,00,00,00,00,00,00,00,00,00,00,00,00
00,00,00,00,00,00,00,00,00,00,00,00,00,00,00,00,00,00,00,00,00,00,00,00,00,00,00,00,00,00,00,00
00,00,00,00,00,00,00,00,00,00,00,00,00,00,00,00,00,00,00,00,00,00,00,00,00,00,00,00,00,00,00,00
00,00,00,00,00,00,00,00,00,00,00,00,00,00,00,00,00,00,00,00,00,00,00,00,FF,FF,FF,FF,00,00,00,00
00,00,00,00,00,00,00,00,FF,FF,FF,FF,00,00,00,00,00,00,00,00,00,00,00,00,FF,FF,FF,FF,00,00,00,00
00,00,00,00,00,00,00,00,FF,FF,FF,FF,00,00,00,00,00,00,00,00,00,00,00,00,FF,FF,FF,FF,00,00,00,00
00,00,00,00,00,00,00,00,FF,FF,FF,FF,00,00,00,00,00,00,00,00,00,00,00,00,FF,FF,FF,FF,00,00,00,00
00,00,00,00,00,00,00,00,FF,FF,FF,FF,00,00,00,00,00,00,00,00,00,00,00,00,FF,FF,FF,FF,00,00,00,00
00,00,00,00,00,00,00,00,FF,FF,FF,FF,00,00,00,00,00,00,00,00,00,00,00,00,FF,FF,FF,FF,00,00,00,00
00,00,00,00,00,00,00,00,FF,FF,FF,FF,00,00,00,00,00,00,00,00,00,00,00,00,FF,FF,FF,FF,00,00,00,00
00,00,00,00,00,00,00,00,FF,FF,FF,FF,00,00,00,00,00,00,00,00,00,00,00,00,FF,FF,FF,FF,00,00,00,00
00,00,00,00,00,00,00,00,FF,FF,FF,FF,00,00,00,00,00,00,00,00,00,00,00,00,FF,FF,FF,FF,00,00,00,00
00,00,00,00,00,00,00,00,FF,FF,FF,FF,00,00,00,00,00,00,00,00,00,00,00,00,FF,FF,FF,FF,00,00,00,00
00,00,00,00,00,00,00,00,FF,FF,FF,FF,00,00,00,00,00,00,00,00,00,00,00,00,FF,FF,FF,FF,00,00,00,00
00,00,00,00,00,00,00,00,FF,FF,FF,FF,00,00,00,00,00,00,00,00,00,00,00,00,FF,FF,FF,FF,00,00,00,00
00,00,00,00,00,00,00,00,FF,FF,FF,FF,00,00,00,00,00,00,00,00,00,00,00,00,FF,FF,FF,FF,00,00,00,00
00,00,00,00,00,00,00,00,FF,FF,FF,FF,00,00,00,00,00,00,00,00,00,00,00,00,FF,FF,FF,FF,00,00,00,00
00,00,00,00,00,00,00,00,FF,FF,FF,FF,00,00,00,00,00,00,00,00,00,00,00,00,FF,FF,FF,FF,00,00,00,00
00,00,00,00,00,00,00,00,FF,FF,FF,FF,00,00,00,00,00,00,00,00,00,00,00,00,FF,FF,FF,FF,00,00,00,00
00,00,00,00,00,00,00,00,FF,FF,FF,FF,00,00,00,00,00,00,00,00,00,00,00,00,00,00,00,00,00,00,00,00
00,00,00,00,00,00,00,00,00,00,00,00,00,00,00,00,00,00,00,00,00,00,00,00,00,00,00,00,00,00,00,00
00,00,00,00,00,00,00,00,00,00,00,00,00,00,00,00,00,00,00,00,00,00,00,00,00,00,00,00,00,00,00,00
00,00,00,00,00,00,00,00,00,00,00,00,00,00,00,00,00,00,00,00,00,00,00,00,00,00,00,00,00,00,00,00
00,00,00,00,00,00,00,00,00,00,00,00,00,00,00,00,00,00,00,00,00,00,00,00,00,00,00,00,00,00,00,00
00,00,00,00,00,00,00,00,00,00,00,00,00,00,00,00,00,00,00,00,00,00,00,00,00,00,00,00,00,00,00,00
00,00,00,00,00,00,00,00,00,00,00,00,00,00,00,00,00,00,00,00,00,00,00,00,00,00,00,00,00,00,00,00
00,00,00,00,00,00,00,00,00,00,00,00,00,00,00,00,00,00,00,00,00,00,00,00,00,00,00,00,00,00,00,00
00,00,00,00,00,00,00,00,00,00,00,00,00,00,00,00,00,00,00,00,00,00,02,00,00,00,00,00,00,00,00,00
00,00,00,00,00,00,00,00,00,00,00,00,00,00,00,00,00,00,00,00,00,00,00,00,00,00,00,00,00,00,00,00
00,00,00,00,00,00,00,00,00,00,00,00,00,00,00,00,00,00,00,00,00,00,00,00,00,00,00,00,00,00,00,00
00,00,00,00,00,00,00,00,00,00,00,00,00,00,00,00,00,00,00,00,00,00,00,00,00,00,00,00,00,00,00,00
00,00,00,00,00,00,00,00,00,00,00,00,00,00,00,00,00,00,00,00,00,00,00,00,00,00,00,00,00,00,00,00
00,00,00,00,00,00,00,00,00,00,00,00,00,00,00,00,00,00,00,00,00,00,00,00,00,00,00,00,00,00,00,00
00,00,00,00,00,00,00,00,00,00,00,00,00,00,00,00,00,00,00,00,00,00,00,00,00,00,00,00,00,00,00,00
00,00,00,00,00,00,00,00,00,00,00,00,00,00,00,00,00,00,00,00,00,00,00,00,00,00,00,00,00,00,00,00
00,00,00,00,00,00,00,00,00,00,00,00,00,00,00,00,00,00,00,00,00,00,00,FF,FF,FF,FF,00,00,00,00,00
00,00,00,00,00,00,00,FF,FF,FF,FF,00,00,00,00,00,00,00,00,00,00,00,00,FF,FF,FF,FF,00,00,00,00,00
00,00,00,00,00,00,00,FF,FF,FF,FF,00,00,00,00,00,00,00,00,00,00,00,00,FF,FF,FF,FF,00,00,00,00,00
00,00,00,00,00,00,00,FF,FF,FF,FF,00,00,00,00,00,00,00,00,00,00,00,00,FF,FF,FF,FF,00,00,00,00,00
00,00,00,00,00,00,00,FF,FF,FF,FF,00,00,00,00,00,00,00,00,00,00,00,00,FF,FF,FF,FF,00,00,00,00,00
00,00,00,00,00,00,00,FF,FF,FF,FF,00,00,00,00,00,00,00,00,00,00,00,00,FF,FF,FF,FF,00,00,00,00,00
00,00,00,00,00,00,00,FF,FF,FF,FF,00,00,00,00,00,00,00,00,00,00,00,00,FF,FF,FF,FF,00,00,00,00,00
00,00,00,00,00,00,00,FF,FF,FF,FF,00,00,00,00,00,00,00,00,00,00,00,00,FF,FF,FF,FF,00,00,00,00,00
00,00,00,00,00,00,00,FF,FF,FF,FF,00,00,00,00,00,00,00,00,00,00,00,00,FF,FF,FF,FF,00,00,00,00,00
00,00,00,00,00,00,00,FF,FF,FF,FF,00,00,00,00,00,00,00,00,00,00,00,00,FF,FF,FF,FF,00,00,00,00,00
00,00,00,00,00,00,00,FF,FF,FF,FF,00,00,00,00,00,00,00,00,00,00,00,00,FF,FF,FF,FF,00,00,00,00,00
00,00,00,00,00,00,00,FF,FF,FF,FF,00,00,00,00,00,00,00,00,00,00,00,00,FF,FF,FF,FF,00,00,00,00,00
00,00,00,00,00,00,00,FF,FF,FF,FF,00,00,00,00,00,00,00,00,00,00,00,00,FF,FF,FF,FF,00,00,00,00,00
00,00,00,00,00,00,00,FF,FF,FF,FF,00,00,00,00,00,00,00,00,00,00,00,00,FF,FF,FF,FF,00,00,00,00,00
00,00,00,00,00,00,00,FF,FF,FF,FF,00,00,00,00,00,00,00,00,00,00,00,00,FF,FF,FF,FF,00,00,00,00,00
00,00,00,00,00,00,00,FF,FF,FF,FF,00,00,00,00,00,00,00,00,00,00,00,00,FF,FF,FF,FF,00,00,00,00,00
00,00,00,00,00,00,00,FF,FF,FF,FF,00,00,00,00,00,00,00,00,00,00,00,00,00,00,00,00,00,00,00,00,00
00,00,00,00,00,00,00,00,00,00,00,00,00,00,00,00,00,00,00,00,00,00,00,00,00,00,00,00,00,00,00,00
00,00,00,00,00,00,00,00,00,00,00,00,00,00,00,00,00,00,00,00,00,00,00,00,00,00,00,00,00,00,00,00
00,00,00,00,00,00,00,00,00,00,00,00,00,00,00,00,00,00,00,00,00,00,00,00,00,00,00,00,00,00,00,00
00,00,00,00,00,00,00,00,00,00,00,00,00,00,00,00,00,00,00,00,00,00,00,00,00,00,00,00,00,00,00,00
00,00,00,00,00,00,00,00,00,00,00,00,00,00,00,00,00,00,00,00,00,00,00,00,00,00,00,00,00,00,00,00
00,00,00,00,00,00,00,00,00,00,00,00,00,00,00,00,00,00,00,00,00,00,00,00,00,00,00,00,00,00,00,00
00,00,00,00,00,00,00,00,00,00,00,00,00,00,00,00,00,00,00,00,00,00,00,00,00,00,00,00,00,00,00,00
00,00,00,00,00,00,00,00,00,00,00,00,00,00,00,00,00,00,00,00,00,00,00,02,00,00,00,00,00,00,00,00
00,00,00,00,00,00,00,00,00,00,00,00,00,00,00,00,00,00,00,00,00,00,00,00,00,00,00,00,00,00,00,00
00,00,00,00,00,00,00,00,00,00,00,00,00,00,00,00,00,00,00,00,00,00,00,00,00,00,00,00,00,00,00,00
00,00,00,00,00,00,00,00,00,00,00,00,00,00,00,00,00,00,00,00,00,00,00,00,00,00,00,00,00,00,00,00
00,00,00,00,00,00,00,00,00,00,00,00,00,00,00,00,00,00,00,00,00,00,00,00,00,00,00,00,00,00,00,00
00,00,00,00,00,00,00,00,00,00,00,00,00,00,00,00,00,00,00,00,00,00,00,00,00,00,00,00,00,00,00,00
00,00,00,00,00,00,00,00,00,00,00,00,00,00,00,00,00,00,00,00,00,00,00,00,00,00,00,00,00,00,00,00
00,00,00,00,00,00,00,00,00,00,00,00,00,00,00,00,00,00,00,00,00,00,00,00,00,00,00,00,00,00,00,00
00,00,00,00,00,00,00,00,00,00,00,00,00,00,00,00,00,00,00,00,00,00,00,00,00,00,00,00,00,00,00,00
00,00,00,00,00,00,00,00,00,00,00,00,00,00,00,00,00,00,00,00,00,00,00,00,00,00,00,00,00,00,00,00
00,00,00,00,00,00,00,00,00,00,00,00,00,00,00,00,00,00,00,00,00,00,00,00,00,00,00,00,00,00,00,00
00,00,00,00,00,00,00,00,00,00,00,00,00,00,00,00,00,00,00,00,00,00,00,00,00,00,00,00,00,00,00,00
00,00,00,00,00,00,00,00,00,00,00,00,00,00,00,00,00,00,00,00,00,00,00,00,00,00,00,00,00,00,00,00
00,00,00,00,00,00,00,00,00,00,00,00,00,00,00,00,00,00,00,00,00,00,00,00,00,00,00,00,00,00,00,00
00,00,00,00,00,00,00,00,00,00,00,00,00,00,00,00,00,00,00,00,00,00,00,00,00,00,00,00,00,00,00,00
00,00,00,00,00,00,00,00,00,00,00,00,00,00,00,00,00,00,00,00,00,00,00,00,00,00,00,00,00,00,00,00
00,00,00,00,00,00,00,00,00,00,00,00,00,00,00,00,00,00,00,00,00,00,00,00,FF,FF,FF,FF,00,00,00,00
00,00,00,00,00,00,00,00,FF,FF,FF,FF,00,00,00,00,00,00,00,00,00,00,00,00,FF,FF,FF,FF,00,00,00,00
00,00,00,00,00,00,00,00,FF,FF,FF,FF,00,00,00,00,00,00,00,00,00,00,00,00,FF,FF,FF,FF,00,00,00,00
00,00,00,00,00,00,00,00,FF,FF,FF,FF,00,00,00,00,00,00,00,00,00,00,00,00,FF,FF,FF,FF,00,00,00,00
00,00,00,00,00,00,00,00,FF,FF,FF,FF,00,00,00,00,00,00,00,00,00,00,00,00,FF,FF,FF,FF,00,00,00,00
00,00,00,00,00,00,00,00,FF,FF,FF,FF,00,00,00,00,00,00,00,00,00,00,00,00,FF,FF,FF,FF,00,00,00,00
00,00,00,00,00,00,00,00,FF,FF,FF,FF,00,00,00,00,00,00,00,00,00,00,00,00,FF,FF,FF,FF,00,00,00,00
00,00,00,00,00,00,00,00,FF,FF,FF,FF,00,00,00,00,00,00,00,00,00,00,00,00,FF,FF,FF,FF,00,00,00,00
00,00,00,00,00,00,00,00,FF,FF,FF,FF,00,00,00,00,00,00,00,00,00,00,00,00,FF,FF,FF,FF,00,00,00,00
00,00,00,00,00,00,00,00,FF,FF,FF,FF,00,00,00,00,00,00,00,00,00,00,00,00,FF,FF,FF,FF,00,00,00,00
00,00,00,00,00,00,00,00,FF,FF,FF,FF,00,00,00,00,00,00,00,00,00,00,00,00,FF,FF,FF,FF,00,00,00,00
00,00,00,00,00,00,00,00,FF,FF,FF,FF,00,00,00,00,00,00,00,00,00,00,00,00,FF,FF,FF,FF,00,00,00,00
00,00,00,00,00,00,00,00,FF,FF,FF,FF,00,00,00,00,00,00,00,00,00,00,00,00,FF,FF,FF,FF,00,00,00,00
00,00,00,00,00,00,00,00,FF,FF,FF,FF,00,00,00,00,00,00,00,00,00,00,00,00,FF,FF,FF,FF,00,00,00,00
00,00,00,00,00,00,00,00,FF,FF,FF,FF,00,00,00,00,00,00,00,00,00,00,00,00,FF,FF,FF,FF,00,00,00,00
00,00,00,00,00,00,00,00,FF,FF,FF,FF,00,00,00,00,00,00,00,00,00,00,00,00,FF,FF,FF,FF,00,00,00,00
00,00,00,00,00,00,00,00,FF,FF,FF,FF,00,00,00,00,00,00,00,00,00,00,00,00,02,00,00,00,00,00,00,00
00,00,00,00,00,00,00,00,00,00,00,00,00,00,00,00,00,00,00,00,00,00,00,00,00,00,00,00,00,00,00,00
00,00,00,00,00,00,00,00,00,00,00,00,00,00,00,00,00,00,00,00,00,00,00,00,00,00,00,00,00,00,00,00
00,00,00,00,00,00,00,00,00,00,00,00,00,00,00,00,00,00,00,00,00,00,00,00,00,00,00,00,00,00,00,00
00,00,00,00,00,00,00,00,00,00,00,00,00,00,00,00,00,00,00,00,00,00,00,00,00,00,00,00,00,00,00,00
00,00,00,00,00,00,00,00,00,00,00,00,00,00,00,00,00,00,00,00,00,00,00,00,00,00,00,00,00,00,00,00
00,00,00,00,00,00,00,00,00,00,00,00,00,00,00,00,00,00,00,00,00,00,00,00,00,00,00,00,00,00,00,00
00,00,00,00,00,00,00,00,00,00,00,00,00,00,00,00,00,00,00,00,00,00,00,00,00,00,00,00,00,00,00,00
00,00,00,00,00,00,00,00,00,00,00,00,00,00,00,00,00,00,00,00,00,00,00,00,00,00,00,00,00,00,00,00
00,00,00,00,00,00,00,00,00,00,00,00,00,00,00,00,00,00,00,00,00,00,00,00,00,00,00,00,00,00,00,00
00,00,00,00,00,00,00,00,00,00,00,00,00,00,00,00,00,00,00,00,00,00,00,00,00,00,00,00,00,00,00,00
00,00,00,00,00,00,00,00,00,00,00,00,00,00,00,00,00,00,00,00,00,00,00,00,00,00,00,00,00,00,00,00
00,00,00,00,00,00,00,00,00,00,00,00,00,00,00,00,00,00,00,00,00,00,00,00,00,00,00,00,00,00,00,00
00,00,00,00,00,00,00,00,00,00,00,00,00,00,00,00,00,00,00,00,00,00,00,00,00,00,00,00,00,00,00,00
00,00,00,00,00,00,00,00,00,00,00,00,00,00,00,00,00,00,00,00,00,00,00,00,00,00,00,00,00,00,00,00
00,00,00,00,00,00,00,00,00,00,00,00,00,00,00,00,00,00,00,00,00,00,00,00,00,00,00,00,00,00,00,00
00,00,00,00,00,00,00,00,00,00,00,00,00,00,00,00,00,00,00,00,00,00,00,00,00,00,00,FF,FF,FF,FF,00
00,00,00,00,00,00,00,00,00,00,00,FF,FF,FF,FF,00,00,00,00,00,00,00,00,00,00,00,00,FF,FF,FF,FF,00
00,00,00,00,00,00,00,00,00,00,00,FF,FF,FF,FF,00,00,00,00,00,00,00,00,00,00,00,00,FF,FF,FF,FF,00
00,00,00,00,00,00,00,00,00,00,00,FF,FF,FF,FF,00,00,00,00,00,00,00,00,00,00,00,00,FF,FF,FF,FF,00
00,00,00,00,00,00,00,00,00,00,00,FF,FF,FF,FF,00,00,00,00,00,00,00,00,00,00,00,00,FF,FF,FF,FF,00
00,00,00,00,00,00,00,00,00,00,00,FF,FF,FF,FF,00,00,00,00,00,00,00,00,00,00,00,00,FF,FF,FF,FF,00
00,00,00,00,00,00,00,00,00,00,00,FF,FF,FF,FF,00,00,00,00,00,00,00,00,00,00,00,00,FF,FF,FF,FF,00
00,00,00,00,00,00,00,00,00,00,00,FF,FF,FF,FF,00,00,00,00,00,00,00,00,00,00,00,00,FF,FF,FF,FF,00
00,00,00,00,00,00,00,00,00,00,00,FF,FF,FF,FF,00,00,00,00,00,00,00,00,00,00,00,00,FF,FF,FF,FF,00
00,00,00,00,00,00,00,00,00,00,00,FF,FF,FF,FF,00,00,00,00,00,00,00,00,00,00,00,00,FF,FF,FF,FF,00
00,00,00,00,00,00,00,00,00,00,00,FF,FF,FF,FF,00,00,00,00,00,00,00,00,00,00,00,00,FF,FF,FF,FF,00
00,00,00,00,00,00,00,00,00,00,00,FF,FF,FF,FF,00,00,00,00,00,00,00,00,00,00,00,00,FF,FF,FF,FF,00
00,00,00,00,00,00,00,00,00,00,00,FF,FF,FF,FF,00,00,00,00,00,00,00,00,00,00,00,00,FF,FF,FF,FF,00
00,00,00,00,00,00,00,00,00,00,00,FF,FF,FF,FF,00,00,00,00,00,00,00,00,00,00,00,00,FF,FF,FF,FF,00
00,00,00,00,00,00,00,00,00,00,00,FF,FF,FF,FF,00,00,00,00,00,00,00,00,00,00,00,00,FF,FF,FF,FF,00
00,00,00,00,00,00,00,00,00,00,00,FF,FF,FF,FF,00,00,00,00,00,00,00,00,00,00,00,00,FF,FF,FF,FF,00
00,00,00,00,00,00,00,00,00,00,00,FF,FF,FF,FF,00,00,00,00,00,00,00,00,00,00,02,00,00,00,00,00,00
00,00,00,00,00,00,00,00,00,00,00,00,00,00,00,00,00,00,00,00,00,00,00,00,00,00,00,00,00,00,00,00
00,00,00,00,00,00,00,00,00,00,00,00,00,00,00,00,00,00,00,00,00,00,00,00,00,00,00,00,00,00,00,00
00,00,00,00,00,00,00,00,00,00,00,00,00,00,00,00,00,00,00,00,00,00,00,00,00,00,00,00,00,00,00,00
00,00,00,00,00,00,00,00,00,00,00,00,00,00,00,00,00,00,00,00,00,00,00,00,00,00,00,00,00,00,00,00
00,00,00,00,00,00,00,00,00,00,00,00,00,00,00,00,00,00,00,00,00,00,00,00,00,00,00,00,00,00,00,00
00,00,00,00,00,00,00,00,00,00,00,00,00,00,00,00,00,00,00,00,00,00,00,00,00,00,00,00,00,00,00,00
00,00,00,00,00,00,00,00,00,00,00,00,00,00,00,00,00,00,00,00,00,00,00,00,00,00,00,00,00,00,00,00
00,00,00,00,00,00,00,00,00,00,00,00,00,00,00,00,00,00,00,00,00,00,00,00,00,00,00,00,00,00,00,00
00,00,00,00,00,00,00,00,00,00,00,00,00,00,00,00,00,00,00,00,00,00,00,00,00,00,00,00,00,00,00,00
00,00,00,00,00,00,00,00,00,00,00,00,00,00,00,00,00,00,00,00,00,00,00,00,00,00,00,00,00,00,00,00
00,00,00,00,00,00,00,00,00,00,00,00,00,00,00,00,00,00,00,00,00,00,00,00,00,00,00,00,00,00,00,00
00,00,00,00,00,00,00,00,00,00,00,00,00,00,00,00,00,00,00,00,00,00,00,00,00,00,00,00,00,00,00,00
00,00,00,00,00,00,00,00,00,00,00,00,00,00,00,00,00,00,00,00,00,00,00,00,00,00,00,00,00,00,00,00
00,00,00,00,00,00,00,00,00,00,00,00,00,00,00,00,00,00,00,00,00,00,00,00,00,00,00,00,00,00,00,00
00,00,00,00,00,00,00,00,00,00,00,00,00,00,00,00,00,00,00,00,00,00,00,00,00,00,00,00,00,00,00,00
00,00,00,00,00,00,00,00,00,00,00,00,00,00,00,00,00,00,00,00,00,00,00,00,00,00,00,00,00,00,FF,FF
FF,FF,00,00,00,00,00,00,00,00,00,00,00,00,FF,FF,FF,FF,00,00,00,00,00,00,00,00,00,00,00,00,FF,FF
FF,FF,00,00,00,00,00,00,00,00,00,00,00,00,FF,FF,FF,FF,00,00,00,00,00,00,00,00,00,00,00,00,FF,FF
FF,FF,00,00,00,00,00,00,00,00,00,00,00,00,FF,FF,FF,FF,00,00,00,00,00,00,00,00,00,00,00,00,FF,FF
FF,FF,00,00,00,00,00,00,00,00,00,00,00,00,FF,FF,FF,FF,00,00,00,00,00,00,00,00,00,00,00,00,FF,FF
FF,FF,00,00,00,00,00,00,00,00,00,00,00,00,FF,FF,FF,FF,00,00,00,00,00,00,00,00,00,00,00,00,FF,FF
FF,FF,00,00,00,00,00,00,00,00,00,00,00,00,FF,FF,FF,FF,00,00,00,00,00,00,00,00,00,00,00,00,FF,FF
FF,FF,00,00,00,00,00,00,00,00,00,00,00,00,FF,FF,FF,FF,00,00,00,00,00,00,00,00,00,00,00,00,FF,FF
FF,FF,00,00,00,00,00,00,00,00,00,00,00,00,FF,FF,FF,FF,00,00,00,00,00,00,00,00,00,00,00,00,FF,FF
FF,FF,00,00,00,00,00,00,00,00,00,00,00,00,FF,FF,FF,FF,00,00,00,00,00,00,00,00,00,00,00,00,FF,FF
FF,FF,00,00,00,00,00,00,00,00,00,00,00,00,FF,FF,FF,FF,00,00,00,00,00,00,00,00,00,00,00,00,FF,FF
FF,FF,00,00,00,00,00,00,00,00,00,00,00,00,FF,FF,FF,FF,00,00,00,00,00,00,00,00,00,00,00,00,FF,FF
FF,FF,00,00,00,00,00,00,00,00,00,00,00,00,FF,FF,FF,FF,00,00,00,00,00,00,00,00,00,00,00,00,FF,FF
FF,FF,00,00,00,00,00,00,00,00,00,00,00,00,FF,FF,FF,FF,00,00,00,00,00,00,00,00,00,00,00,00,FF,FF
FF,FF,00,00,00,00,00,00,00,00,00,00,00,00,FF,FF,FF,FF,00,00,00,00,00,00,00,00,00,00,00,00,FF,FF
FF,FF,00,00,00,00,00,00,00,00,00,00,00,00,FF,FF,FF,FF,00,00,00,00,00,00,00,00,00,00,00,00,FF,FF
FF,FF,00,00,00,00,00,00,00,00,00,00,00,00,FF,FF,FF,FF,00,00,00,00,00,00,00,00,02,00,00,00,00,00
00,00,00,00,00,00,00,00,00,00,00,00,00,00,00,00,00,00,00,00,00,00,00,00,00,00,00,00,00,00,00,00
00,00,00,00,00,00,00,00,00,00,00,00,00,00,00,00,00,00,00,00,00,00,00,00,00,00,00,00,00,00,00,00
00,00,00,00,00,00,00,00,00,00,00,00,00,00,00,00,00,00,00,00,00,00,00,00,00,00,00,00,00,00,00,00
00,00,00,00,00,00,00,00,00,00,00,00,00,00,00,00,00,00,00,00,00,00,00,00,00,00,00,00,00,00,00,00
00,00,00,00,00,00,00,00,00,00,00,00,00,00,00,00,00,00,00,00,00,00,00,00,00,00,00,00,00,00,00,00
00,00,00,00,00,00,00,00,00,00,00,00,00,00,00,00,00,00,00,00,00,00,00,00,00,00,00,00,00,00,00,00
00,00,00,00,00,00,00,00,00,00,00,00,00,00,00,00,00,00,00,00,00,00,00,00,00,00,00,00,00,00,00,00
00,00,00,00,00,00,00,00,00,00,00,00,00,00,00,00,00,00,00,00,00,00,00,00,00,00,00,00,00,00,00,00
00,00,00,00,00,00,00,00,00,00,00,00,00,00,00,00,00,00,00,00,00,00,00,00,00,00,00,00,00,00,00,00
00,00,00,00,00,00,00,00,00,00,00,00,00,00,00,00,00,00,00,00,00,00,00,00,00,00,00,00,00,00,00,00
00,00,00,00,00,00,00,00,00,00,00,00,00,00,00,00,00,00,00,00,00,00,00,00,00,00,00,00,00,00,00,00
00,00,00,00,00,00,00,00,00,00,00,00,00,00,00,00,00,00,00,00,00,00,00,00,00,00,00,00,00,00,00,00
00,00,00,00,00,00,00,00,00,00,00,00,00,00,00,00,00,00,00,00,00,00,00,00,00,00,00,00,00,00,00,00
00,00,00,00,00,00,00,00,00,00,00,00,00,00,00,00,00,00,00,00,00,00,00,00,00,00,00,00,00,00,00,00
00,00,00,00,00,00,00,00,00,00,00,00,00,00,00,00,00,00,00,00,00,00,00,00,00,00,00,00,00,00,00,00
00,00,00,00,00,00,00,00,00,00,00,00,00,00,00,00,00,00,00,00,00,00,00,00,00,00,00,00,00,00,00,00
00,FF,FF,FF,FF,00,00,00,00,00,00,00,00,00,00,00,00,FF,FF,FF,FF,00,00,00,00,00,00,00,00,00,00,00
00,FF,FF,FF,FF,00,00,00,00,00,00,00,00,00,00,00,00,FF,FF,FF,FF,00,00,00,00,00,00,00,00,00,00,00
00,FF,FF,FF,FF,00,00,00,00,00,00,00,00,00,00,00,00,FF,FF,FF,FF,00,00,00,00,00,00,00,00,00,00,00
00,FF,FF,FF,FF,00,00,00,00,00,00,00,00,00,00,00,00,FF,FF,FF,FF,00,00,00,00,00,00,00,00,00,00,00
00,FF,FF,FF,FF,00,00,00,00,00,00,00,00,00,00,00,00,FF,FF,FF,FF,00,00,00,00,00,00,00,00,00,00,00
00,FF,FF,FF,FF,00,00,00,00,00,00,00,00,00,00,00,00,FF,FF,FF,FF,00,00,00,00,00,00,00,00,00,00,00
00,FF,FF,FF,FF,00,00,00,00,00,00,00,00,00,00,00,00,FF,FF,FF,FF,00,00,00,00,00,00,00,00,00,00,00
00,FF,FF,FF,FF,00,00,00,00,00,00,00,00,00,00,00,00,FF,FF,FF,FF,00,00,00,00,00,00,00,00,00,00,00
00,FF,FF,FF,FF,00,00,00,00,00,00,00,00,00,00,00,00,FF,FF,FF,FF,00,00,00,00,00,00,00,00,00,00,00
00,FF,FF,FF,FF,00,00,00,00,00,00,00,00,00,00,00,00,FF,FF,FF,FF,00,00,00,00,00,00,00,00,00,00,00
00,FF,FF,FF,FF,00,00,00,00,00,00,00,00,00,00,00,00,FF,FF,FF,FF,00,00,00,00,00,00,00,00,00,00,00
00,FF,FF,FF,FF,00,00,00,00,00,00,00,00,00,00,00,00,FF,FF,FF,FF,00,00,00,00,00,00,00,00,00,00,00
00,FF,FF,FF,FF,00,00,00,00,00,00,00,00,00,00,00,00,FF,FF,FF,FF,00,00,00,00,00,00,00,00,00,00,00
00,FF,FF,FF,FF,00,00,00,00,00,00,00,00,00,00,00,00,FF,FF,FF,FF,00,00,00,00,00,00,00,00,00,00,00
00,FF,FF,FF,FF,00,00,00,00,00,00,00,00,00,00,00,00,FF,FF,FF,FF,00,00,00,00,00,00,00,00,00,00,00
00,FF,FF,FF,FF,00,00,00,00,00,00,00,00,00,00,00,00,FF,FF,FF,FF,00,00,00,00,00,00,02,00,00,00,00
00,00,00,00,00,00,00,00,00,00,00,00,00,00,00,00,00,00,00,00,00,00,00,00,00,00,00,00,00,00,00,00
00,00,00,00,00,00,00,00,00,00,00,00,00,00,00,00,00,00,00,00,00,00,00,00,00,00,00,00,00,00,00,00
00,00,00,00,00,00,00,00,00,00,00,00,00,00,00,00,00,00,00,00,00,00,00,00,00,00,00,00,00,00,00,00
00,00,00,00,00,00,00,00,00,00,00,00,00,00,00,00,00,00,00,00,00,00,00,00,00,00,00,00,00,00,00,00
00,00,00,00,00,00,00,00,00,00,00,00,00,00,00,00,00,00,00,00,00,00,00,00,00,00,00,00,00,00,00,00
00,00,00,00,00,00,00,00,00,00,00,00,00,00,00,00,00,00,00,00,00,00,00,00,00,00,00,00,00,00,00,00
00,00,00,00,00,00,00,00,00,00,00,00,00,00,00,00,00,00,00,00,00,00,00,00,00,00,00,00,00,00,00,00
00,00,00,00,00,00,00,00,00,00,00,00,00,00,00,00,00,00,00,00,00,00,00,00,00,00,00,00,00,00,00,00
00,00,00,00,00,00,00,00,00,00,00,00,00,00,00,00,00,00,00,00,00,00,00,00,00,00,00,00,00,00,00,00
00,00,00,00,00,00,00,00,00,00,00,00,00,00,00,00,00,00,00,00,00,00,00,00,00,00,00,00,00,00,00,00
00,00,00,00,00,00,00,00,00,00,00,00,00,00,00,00,00,00,00,00,00,00,00,00,00,00,00,00,00,00,00,00
00,00,00,00,00,00,00,00,00,00,00,00,00,00,00,00,00,00,00,00,00,00,00,00,00,00,00,00,00,00,00,00
00,00,00,00,00,00,00,00,00,00,00,00,00,00,00,00,00,00,00,00,00,00,00,00,00,00,00,00,00,00,00,00
00,00,00,00,00,00,00,00,00,00,00,00,00,00,00,00,00,00,00,00,00,00,00,00,00,00,00,00,00,00,00,00
00,00,00,00,00,00,00,00,00,00,00,00,00,00,00,00,00,00,00,00,00,00,00,00,00,00,00,00,00,00,00,00
00,00,00,00,00,00,00,00,00,00,00,00,00,00,00,00,00,00,00,00,00,00,00,00,00,00,00,00,00,00,00,00
00,00,00,00,FF,FF,FF,FF,00,00,00,00,00,00,00,00,00,00,00,00,FF,FF,FF,FF,00,00,00,00,00,00,00,00
00,00,00,00,FF,FF,FF,FF,00,00,00,00,00,00,00,00,00,00,00,00,FF,FF,FF,FF,00,00,00,00,00,00,00,00
00,00,00,00,FF,FF,FF,FF,00,00,00,00,00,00,00,00,00,00,00,00,FF,FF,FF,FF,00,00,00,00,00,00,00,00
00,00,00,00,FF,FF,FF,FF,00,00,00,00,00,00,00,00,00,00,00,00,FF,FF,FF,FF,00,00,00,00,00,00,00,00
00,00,00,00,FF,FF,FF,FF,00,00,00,00,00,00,00,00,00,00,00,00,FF,FF,FF,FF,00,00,00,00,00,00,00,00
00,00,00,00,FF,FF,FF,FF,00,00,00,00,00,00,00,00,00,00,00,00,FF,FF,FF,FF,00,00,00,00,00,00,00,00
00,00,00,00,FF,FF,FF,FF,00,00,00,00,00,00,00,00,00,00,00,00,FF,FF,FF,FF,00,00,00,00,00,00,00,00
00,00,00,00,FF,FF,FF,FF,00,00,00,00,00,00,00,00,00,00,00,00,FF,FF,FF,FF,00,00,00,00,00,00,00,00
00,00,00,00,FF,FF,FF,FF,00,00,00,00,00,00,00,00,00,00,00,00,FF,FF,FF,FF,00,00,00,00,00,00,00,00
00,00,00,00,FF,FF,FF,FF,00,00,00,00,00,00,00,00,00,00,00,00,FF,FF,FF,FF,00,00,00,00,00,00,00,00
00,00,00,00,FF,FF,FF,FF,00,00,00,00,00,00,00,00,00,00,00,00,FF,FF,FF,FF,00,00,00,00,00,00,00,00
00,00,00,00,FF,FF,FF,FF,00,00,00,00,00,00,00,00,00,00,00,00,FF,FF,FF,FF,00,00,00,00,00,00,00,00
00,00,00,00,FF,FF,FF,FF,00,00,00,00,00,00,00,00,00,00,00,00,FF,FF,FF,FF,00,00,00,00,00,00,00,00
00,00,00,00,FF,FF,FF,FF,00,00,00,00,00,00,00,00,00,00,00,00,FF,FF,FF,FF,00,00,00,00,00,00,00,00
00,00,00,00,FF,FF,FF,FF,00,00,00,00,00,00,00,00,00,00,00,00,FF,FF,FF,FF,00,00,00,00,00,00,00,00
00,00,00,00,FF,FF,FF,FF,00,00,00,00,00,00,00,00,00,00,00,00,FF,FF,FF,FF,00,00,00,00,02,00,00,00
00,00,00,00,00,00,00,00,00,00,00,00,00,00,00,00,00,00,00,00,00,00,00,00,00,00,00,00,00,00,00,00
00,00,00,00,00,00,00,00,00,00,00,00,00,00,00,00,00,00,00,00,00,00,00,00,00,00,00,00,00,00,00,00
00,00,00,00,00,00,00,00,00,00,00,00,00,00,00,00,00,00,00,00,00,00,00,00,00,00,00,00,00,00,00,00
00,00,00,00,00,00,00,00,00,00,00,00,00,00,00,00,00,00,00,00,00,00,00,00,00,00,00,00,00,00,00,00
00,00,00,00,00,00,00,00,00,00,00,00,00,00,00,00,00,00,00,00,00,00,00,00,00,00,00,00,00,00,00,00
00,00,00,00,00,00,00,00,00,00,00,00,00,00,00,00,00,00,00,00,00,00,00,00,00,00,00,00,00,00,00,00
00,00,00,00,00,00,00,00,00,00,00,00,00,00,00,00,00,00,00,00,00,00,00,00,00,00,00,00,00,00,00,00
00,00,00,00,00,00,00,00,00,00,00,00,00,00,00,00,00,00,00,00,00,00,00,00,00,00,00,00,00,00,00,00
00,00,00,00,00,00,00,00,00,00,00,00,00,00,00,00,00,00,00,00,00,00,00,00,00,00,00,00,00,00,00,00
00,00,00,00,00,00,00,00,00,00,00,00,00,00,00,00,00,00,00,00,00,00,00,00,00,00,00,00,00,00,00,00
00,00,00,00,00,00,00,00,00,00,00,00,00,00,00,00,00,00,00,00,00,00,00,00,00,00,00,00,00,00,00,00
00,00,00,00,00,00,00,00,00,00,00,00,00,00,00,00,00,00,00,00,00,00,00,00,00,00,00,00,00,00,00,00
00,00,00,00,00,00,00,00,00,00,00,00,00,00,00,00,00,00,00,00,00,00,00,00,00,00,00,00,00,00,00,00
00,00,00,00,00,00,00,00,00,00,00,00,00,00,00,00,00,00,00,00,00,00,00,00,00,00,00,00,00,00,00,00
00,00,00,00,00,00,00,00,00,00,00,00,00,00,00,00,00,00,00,00,00,00,00,00,00,00,00,00,00,00,00,00
00,00,00,00,00,00,00,00,00,00,00,00,00,00,00,00,00,00,00,00,00,00,00,00,00,00,00,00,00,00,00,00
00,00,00,00,00,00,00,FF,FF,FF,FF,00,00,00,00,00,00,00,00,00,00,00,00,FF,FF,FF,FF,00,00,00,00,00
00,00,00,00,00,00,00,FF,FF,FF,FF,00,00,00,00,00,00,00,00,00,00,00,00,FF,FF,FF,FF,00,00,00,00,00
00,00,00,00,00,00,00,FF,FF,FF,FF,00,00,00,00,00,00,00,00,00,00,00,00,FF,FF,FF,FF,00,00,00,00,00
00,00,00,00,00,00,00,FF,FF,FF,FF,00,00,00,00,00,00,00,00,00,00,00,00,FF,FF,FF,FF,00,00,00,00,00
00,00,00,00,00,00,00,FF,FF,FF,FF,00,00,00,00,00,00,00,00,00,00,00,00,FF,FF,FF,FF,00,00,00,00,00
00,00,00,00,00,00,00,FF,FF,FF,FF,00,00,00,00,00,00,00,00,00,00,00,00,FF,FF,FF,FF,00,00,00,00,00
00,00,00,00,00,00,00,FF,FF,FF,FF,00,00,00,00,00,00,00,00,00,00,00,00,FF,FF,FF,FF,00,00,00,00,00
00,00,00,00,00,00,00,FF,FF,FF,FF,00,00,00,00,00,00,00,00,00,00,00,00,FF,FF,FF,FF,00,00,00,00,00
00,00,00,00,00,00,00,FF,FF,FF,FF,00,00,00,00,00,00,00,00,00,00,00,00,FF,FF,FF,FF,00,00,00,00,00
00,00,00,00,00,00,00,FF,FF,FF,FF,00,00,00,00,00,00,00,00,00,00,00,00,FF,FF,FF,FF,00,00,00,00,00
00,00,00,00,00,00,00,FF,FF,FF,FF,00,00,00,00,00,00,00,00,00,00,00,00,FF,FF,FF,FF,00,00,00,00,00
00,00,00,00,00,00,00,FF,FF,FF,FF,00,00,00,00,00,00,00,00,00,00,00,00,FF,FF,FF,FF,00,00,00,00,00
00,00,00,00,00,00,00,FF,FF,FF,FF,00,00,00,00,00,00,00,00,00,00,00,00,FF,FF,FF,FF,00,00,00,00,00
00,00,00,00,00,00,00,FF,FF,FF,FF,00,00,00,00,00,00,00,00,00,00,00,00,FF,FF,FF,FF,00,00,00,00,00
00,00,00,00,00,00,00,FF,FF,FF,FF,00,00,00,00,00,00,00,00,00,00,00,00,FF,FF,FF,FF,00,00,00,00,00
00,00,00,00,00,00,00,FF,FF,FF,FF,00,00,00,00,00,00,00,00,00,00,00,00,FF,FF,FF,FF,00,00,02,00,00
00,00,00,00,00,00,00,00,00,00,00,00,00,00,00,00,00,00,00,00,00,00,00,00,00,00,00,00,00,00,00,00
00,00,00,00,00,00,00,00,00,00,00,00,00,00,00,00,00,00,00,00,00,00,00,00,00,00,00,00,00,00,00,00
00,00,00,00,00,00,00,00,00,00,00,00,00,00,00,00,00,00,00,00,00,00,00,00,00,00,00,00,00,00,00,00
00,00,00,00,00,00,00,00,00,00,00,00,00,00,00,00,00,00,00,00,00,00,00,00,00,00,00,00,00,00,00,00
00,00,00,00,00,00,00,00,00,00,00,00,00,00,00,00,00,00,00,00,00,00,00,00,00,00,00,00,00,00,00,00
00,00,00,00,00,00,00,00,00,00,00,00,00,00,00,00,00,00,00,00,00,00,00,00,00,00,00,00,00,00,00,00
00,00,00,00,00,00,00,00,00,00,00,00,00,00,00,00,00,00,00,00,00,00,00,00,00,00,00,00,00,00,00,00
00,00,00,00,00,00,00,00,00,00,00,00,00,00,00,00,00,00,00,00,00,00,00,00,00,00,00,00,00,00,00,00
00,00,00,00,00,00,00,00,00,00,00,00,00,00,00,00,00,00,00,00,00,00,00,00,00,00,00,00,00,00,00,00
00,00,00,00,00,00,00,00,00,00,00,00,00,00,00,00,00,00,00,00,00,00,00,00,00,00,00,00,00,00,00,00
00,00,00,00,00,00,00,00,00,00,00,00,00,00,00,00,00,00,00,00,00,00,00,00,00,00,00,00,00,00,00,00
00,00,00,00,00,00,00,00,00,00,00,00,00,00,00,00,00,00,00,00,00,00,00,00,00,00,00,00,00,00,00,00
00,00,00,00,00,00,00,00,00,00,00,00,00,00,00,00,00,00,00,00,00,00,00,00,00,00,00,00,00,00,00,00
00,00,00,00,00,00,00,00,00,00,00,00,00,00,00,00,00,00,00,00,00,00,00,00,00,00,00,00,00,00,00,00
00,00,00,00,00,00,00,00,00,00,00,00,00,00,00,00,00,00,00,00,00,00,00,00,00,00,00,00,00,00,00,00
00,00,00,00,00,00,00,00,00,00,00,00,00,00,00,00,00,00,00,00,00,00,00,00,00,00,00,00,00,00,00,00
00,00,00,00,00,00,00,00,00,00,FF,FF,FF,FF,00,00,00,00,00,00,00,00,00,00,00,00,FF,FF,FF,FF,00,00
00,00,00,00,00,00,00,00,00,00,FF,FF,FF,FF,00,00,00,00,00,00,00,00,00,00,00,00,FF,FF,FF,FF,00,00
00,00,00,00,00,00,00,00,00,00,FF,FF,FF,FF,00,00,00,00,00,00,00,00,00,00,00,00,FF,FF,FF,FF,00,00
00,00,00,00,00,00,00,00,00,00,FF,FF,FF,FF,00,00,00,00,00,00,00,00,00,00,00,00,FF,FF,FF,FF,00,00
00,00,00,00,00,00,00,00,00,00,FF,FF,FF,FF,00,00,00,00,00,00,00,00,00,00,00,00,FF,FF,FF,FF,00,00
00,00,00,00,00,00,00,00,00,00,FF,FF,FF,FF,00,00,00,00,00,00,00,00,00,00,00,00,FF,FF,FF,FF,00,00
00,00,00,00,00,00,00,00,00,00,FF,FF,FF,FF,00,00,00,00,00,00,00,00,00,00,00,00,FF,FF,FF,FF,00,00
00,00,00,00,00,00,00,00,00,00,FF,FF,FF,FF,00,00,00,00,00,00,00,00,00,00,00,00,FF,FF,FF,FF,00,00
00,00,00,00,00,00,00,00,00,00,FF,FF,FF,FF,00,00,00,00,00,00,00,00,00,00,00,00,FF,FF,FF,FF,00,00
00,00,00,00,00,00,00,00,00,00,FF,FF,FF,FF,00,00,00,00,00,00,00,00,00,00,00,00,FF,FF,FF,FF,00,00
00,00,00,00,00,00,00,00,00,00,FF,FF,FF,FF,00,00,00,00,00,00,00,00,00,00,00,00,FF,FF,FF,FF,00,00
00,00,00,00,00,00,00,00,00,00,FF,FF,FF,FF,00,00,00,00,00,00,00,00,00,00,00,00,FF,FF,FF,FF,00,00
00,00,00,00,00,00,00,00,00,00,FF,FF,FF,FF,00,00,00,00,00,00,00,00,00,00,00,00,FF,FF,FF,FF,00,00
00,00,00,00,00,00,00,00,00,00,FF,FF,FF,FF,00,00,00,00,00,00,00,00,00,00,00,00,FF,FF,FF,FF,00,00
00,00,00,00,00,00,00,00,00,00,FF,FF,FF,FF,00,00,00,00,00,00,00,00,00,00,00,00,FF,FF,FF,FF,00,00
00,00,00,00,00,00,00,00,00,00,FF,FF,FF,FF,00,00,00,00,00,00,00,00,00,00,00,00,FF,FF,FF,FF,02,00
00,00,00,00,00,00,00,00,00,00,00,00,00,00,00,00,00,00,00,00,00,00,00,00,00,00,00,00,00,00,00,00
00,00,00,00,00,00,00,00,00,00,00,00,00,00,00,00,00,00,00,00,00,00,00,00,00,00,00,00,00,00,00,00
00,00,00,00,00,00,00,00,00,00,00,00,00,00,00,00,00,00,00,00,00,00,00,00,00,00,00,00,00,00,00,00
00,00,00,00,00,00,00,00,00,00,00,00,00,00,00,00,00,00,00,00,00,00,00,00,00,00,00,00,00,00,00,00
00,00,00,00,00,00,00,00,00,00,00,00,00,00,00,00,00,00,00,00,00,00,00,00,00,00,00,00,00,00,00,00
00,00,00,00,00,00,00,00,00,00,00,00,00,00,00,00,00,00,00,00,00,00,00,00,00,00,00,00,00,00,00,00
00,00,00,00,00,00,00,00,00,00,00,00,00,00,00,00,00,00,00,00,00,00,00,00,00,00,00,00,00,00,00,00
00,00,00,00,00,00,00,00,00,00,00,00,00,00,00,00,00,00,00,00,00,00,00,00,00,00,00,00,00,00,00,00
00,00,00,00,00,00,00,00,00,00,00,00,00,00,00,00,00,00,00,00,00,00,00,00,00,00,00,00,00,00,00,00
00,00,00,00,00,00,00,00,00,00,00,00,00,00,00,00,00,00,00,00,00,00,00,00,00,00,00,00,00,00,00,00
00,00,00,00,00,00,00,00,00,00,00,00,00,00,00,00,00,00,00,00,00,00,00,00,00,00,00,00,00,00,00,00
00,00,00,00,00,00,00,00,00,00,00,00,00,00,00,00,00,00,00,00,00,00,00,00,00,00,00,00,00,00,00,00
00,00,00,00,00,00,00,00,00,00,00,00,00,00,00,00,00,00,00,00,00,00,00,00,00,00,00,00,00,00,00,00
00,00,00,00,00,00,00,00,00,00,00,00,00,00,00,00,00,00,00,00,00,00,00,00,00,00,00,00,00,00,00,00
00,00,00,00,00,00,00,00,00,00,00,00,00,00,00,00,00,00,00,00,00,00,00,00,00,00,00,00,00,00,00,00
00,00,00,00,00,00,00,00,00,00,00,00,00,00,00,00,00,00,00,00,00,00,00,00,00,00,00,00,00,00,00,00
00,00,00,00,00,00,00,00,00,00,00,00,00,00,00,00,00,00,00,00,00,00,00,00,00,00,00,00,00,00,00,00
00,00,00,00,00,00,00,00,00,00,00,00,00,00,00,00,00,00,00,00,00,00,00,00,00,00,00,00,00,00,00,00
00,00,00,00,00,00,00,00,00,00,00,00,00,00,00,00,00,00,00,00,00,00,00,00,00,00,00,00,00,00,00,00
00,00,00,00,00,00,00,00,00,00,00,00,00,00,00,00,00,00,00,00,00,00,00,00,00,00,00,00,00,00,00,00
00,00,00,00,00,00,00,00,00,00,00,00,00,00,00,00,00,00,00,00,00,00,00,00,00,00,00,00,00,00,00,00
00,00,00,00,00,00,00,00,00,00,00,00,00,00,00,00,00,00,00,00,00,00,00,00,00,00,00,00,00,00,00,00
00,00,00,00,00,00,00,00,00,00,00,00,00,00,00,00,00,00,00,00,00,00,00,00,00,00,00,00,00,00,00,00
00,00,00,00,00,00,00,00,00,00,00,00,00,00,00,00,00,00,00,00,00,00,00,00,00,00,00,00,00,00,00,00
00,00,00,00,00,00,00,00,00,00,00,00,00,00,00,00,00,00,00,00,00,00,00,00,00,00,00,00,00,00,00,00
00,00,00,00,00,00,00,00,00,00,00,00,00,00,00,00,00,00,00,00,00,00,00,00,00,00,00,00,00,00,00,00
00,00,00,00,00,00,00,00,00,00,00,00,00,00,00,00,00,00,00,00,00,00,00,00,00,00,00,00,00,00,00,00
00,00,00,00,00,00,00,00,00,00,00,00,00,00,00,00,00,00,00,00,00,00,00,00,00,00,00,00,00,00,00,00
00,00,00,00,00,00,00,00,00,00,00,00,00,00,00,00,00,00,00,00,00,00,00,00,00,00,00,00,00,00,00,00
00,00,00,00,00,00,00,00,00,00,00,00,00,00,00,00,00,00,00,00,00,00,00,00,00,00,00,00,00,00,00,00
00,00,00,00,00,00,00,00,00,00,00,00,00,00,00,00,00,00,00,00,00,00,00,00,00,00,00,00,00,00,00,00
00,00,00,00,00,00,00,00,00,00,00,00,00,00,00,00,00,00,00,00,00,00,00,00,00,00,00,00,00,00,00
